cc,bits,count,pairs,min_gap_log2,median_gap_log2,mean_gap_log2,min_gap_hex,median_gap_hex,mean_gap_hex,max_gap_hex
10,67,5,4,55,61,63,0xc78d5cecabcdf6,0x2620ff0906d29c1d,0xd9a15d9318b3cccd,0x3197beadd687e2d04
10,68,18,17,51,56,62,0xac6e27ce5380c,0x12b1f93f6bbc27e,0x70b2bff573178524,0x51dd14d09b867f22a
10,69,86,85,48,55,61,0x1c0b1cce672fc,0xeea97881c119ce,0x2d27a995c513c29a,0xa32d7337369df3422
10,74,13,12,53,56,68,0x2d2bafc36db73c,0x1be2d29b5d0ac4d,0x1555c173b808eed276,0xfff29eb3f3d52f1480
10,79,2,1,77,77,77,0x22a375897c5b045066c6,0x22a375897c5b045066c6,0x22a375897c5b045066c6,0x22a375897c5b045066c6
10,81,17,16,60,74,74,0x103b5150126c57a6,0x74f18aca98fbf84ca60,0x7c74784cd5f42f63c82,0x15aaf1b01793ac696400
10,82,75,74,58,73,74,0x4314601f3c44936,0x2f98fb8479208f973b7,0x6df978cd230acdcd4c3,0x58f64b000d98702335f6
10,83,261,260,60,72,73,0x17788bba9921c9f0,0x18a240767ccea1ad5df,0x3eee266a8df9e8d6fe3,0x341f8df7f3b79bb8fa68
10,84,980,979,58,71,73,0x540a44e63c60d54,0x976ed5ecbdfb975da6,0x2166caef349a4011827,0x25bc5e7f842e75e60b26
10,85,4147,4146,49,70,71,0x2f3304fe33490,0x4de764dd42bd64091b,0xfca31bbf65a2c0107e,0x138afdaf616dad0776d8
10,86,16752,16751,47,69,70,0xc4d9a08aae5a,0x2469f587d6d35d37c4,0x7d2f2d7efd2676a7b2,0xa3a89e6eb34113594aa
10,87,44390,44389,46,64,70,0x76bbc7229cec,0x131b396825af155aa,0x5e7a5b4f4c7d08b963,0x801ba25e50ac52be6d6
10,88,141472,141471,0,62,69,0x0,0x5292c106d283a30e,0x3b4b23ec325f93eda3,0x70f897e309553c7478c
10,89,139366,139365,41,70,70,0x2ff46d9d2ec,0x4db5bb2b68e776d876,0x7861b384447a500486,0x68d609b756c6a2d83be
10,90,273384,273383,40,70,70,0x1b85c1141e2,0x4543059c3a344af3ce,0x7abce1645a8da0cf0a,0x74a3c6b6d9a3e56b3d4
10,91,120880,120879,43,72,73,0xbc3f005735e,0x18100686078164af0ea,0x22b2aaf0e3e1a43499c,0x18881558b4baa7d4911a
10,92,3133,3132,49,78,79,0x3b04cee458906,0x77a9bb7460e89ec55920,0xa7346bf26dc91aa3af46,0x56cf3b7b8280ee7d2ce2e
10,93,1282,1281,70,81,81,0x70bc1459e439f4a78c,0x22ea8c542dccf3c6b8a40,0x331a39ad8c2701b0001eb,0x12334f67744ade29396a30
10,94,918,917,49,82,83,0x249d4e37ee9fc,0x5e4bbb44fdbfb2ca3b562,0x8eafb39968bdd8c1fc2df,0x38c50b261445cb222c08dc
10,95,422,421,77,84,85,0x204e7690f63a4cb0974c,0x19eea1bf9edac3ae0cc290,0x26cab6002d14e50e42d751,0x1144ac68904a218a0602ef8
10,96,240,239,76,86,87,0x1b33c4ef1498030c0dac,0x564981bf1f081fbf08ee9a,0x87e0f29756ab817217d5c0,0x397055bbd6ae6a90701dbc2
10,97,206,205,80,87,88,0x1161753c954bc1530a234,0xc0491d9536b18f398fc3c6,0x13b90b004d6b8032d702b52,0x6e36ef7a17ba1083fc20fc8
10,98,197,196,77,89,89,0x3ea2f98dde80fa4c8304,0x204e3e33811a652dccc455b,0x28eccb995645e8c28d339dc,0x9eb55a000f8fb79837e6116
10,99,180,179,81,89,90,0x2431ae1c7db2d9db0057c,0x3dea549f7b9aa2e6b54966c,0x5b4e3aa24220381f2986fe1,0x21d30f7e37ff3821e5b4c8b6
10,100,54,53,84,92,93,0x1f5266bc5f293be37dace4,0x11766067e809e09b5a846300,0x2617a8c27e27183a1278345e,0x10813346d520786061035157a
10,101,71,70,87,93,93,0xaa78da19020b54dea26474,0x2394d32ff66259f08d8ee509,0x383cda3ddf254c589983d6f6,0x12694ab8b161b2a872e4b11ae
10,102,81,80,89,94,94,0x32e0cbdee3a1bf68ab6a948,0x51e3f48ff210c9b3a0e574e8,0x6088dc5560f8c45a7fbca0c5,0x1a70fd3fa8228a0808a5ad2e6
10,103,51,50,83,95,96,0xfc079a424b4e78663f79c,0x9af9fc673b3151210b51903b,0x1323c1b63bace6ef85edd3996,0x6fffda19a829458fb31d6829c
10,104,41,40,52,97,97,0x1ae6c5df969fe6,0x22882852bb34463f32ce6f3f1,0x2d9b1a3e763bb0ca73cd76012,0x9cfdba6a4dd4ba9eac918e124
10,105,52,51,92,97,98,0x16645bce3319fb183b1a92f4,0x2ebab38c7bc10ef87440d04ea,0x4c872c2bf712c4fa90f64c932,0x1ead99123ad061fc6a5546940c
10,106,28,27,95,99,100,0xd3065013a6b72d00056f6878,0xb92157a761ef8a51ac025c9a8,0x12f24c2eb74cf83c94241c2da1,0x3784ab1be450b8ae38dd882b08
10,107,38,37,94,100,100,0x7b52c2d2b1b2bf5601ffa63e,0x1188fe9f31bb36659ee26cfd9e,0x1aa808334852329558209cc3dd,0x88925a6bb47974c132eb81e86e
10,108,52,51,88,99,101,0x178bda0608a8175061e322c,0x9c69d35d0badc2161951e650e,0x281aa58b3825167161f1f70034,0xcb4ef01a44d69ea9a1354a78b0
10,109,79,78,58,98,101,0x498df771b923d30,0x5007d6b3a995d1d43a8a94ac5,0x3423d41b2ace77cb63b37fde89,0x1a7cd4dc55da568428de60a8132
10,114,1,0,,,,,,
10,115,1,0,,,,,,
10,116,1,0,,,,,,
10,117,1,0,,,,,,
10,121,1,0,,,,,,
10,148,1,0,,,,,,
10,150,7,6,144,145,146,0x1d6aa1964c956a2da6b2b26990c600fc96462,0x2c2df69c34826a119c461617a148ed2553aa3,0x4731ec9e170f75efcd3cf880ce886e35e450d,0xc4392eb9aba4b4125dbf80e268989be0afd48
10,151,37,36,63,143,144,0x8923a7c26c34cd7a,0xd6e6a2061153df6b7c2ece508599427b6d12,0x1b7d7dbc982daacd55aa8da78a677975e5554,0xb571a8852e5156fbd593f6a62fb346151d544
10,153,1,0,,,,,,
11,68,4,3,55,56,57,0xd408dfd7c63ac4,0x1ef31f051d4d42e,0x2cc21c1a8c0495a,0x5a12a74d0a5cd1c
11,69,23,22,54,58,63,0x446891f16630de,0x40553fb9fa1328e,0xae7c884bba1c5c37,0xa37a383ce190c02ec
11,80,1,0,,,,,,
11,81,1,0,,,,,,
11,82,11,10,73,76,77,0x38d7ffd6c2006294320,0x1fd1061c8a2319cea962,0x2f00d5be9e610efe89f9,0x9220223700ff3684746a
11,83,48,47,66,75,76,0x45b4fc3f08bfbd968,0xbee715742c778d463be,0x14a3b93d05a86064f1f6,0xb310966cdc67e54e9972
11,84,206,205,58,74,75,0x55201929e4e492a,0x465c5ec2c682bea4896,0x9df5ab66c2cb92e7b91,0x76ff664010c9a138d5c2
11,85,805,804,58,72,74,0x6a1b7334fa6d4c0,0x1c03a7128e02a7d5082,0x50c914710c80cc98a90,0x4748b622cab47e47cdde
11,86,3054,3053,54,71,73,0x5c9ff4712e315c,0xc37382e80d40c6b692,0x2ae7af2117063813bd4,0x4c46699bcdc4627c48ae
11,87,8130,8129,52,66,73,0x1154a29631e36a,0x60b33b8a620c833f4,0x203f6c7f0134c3abc7c,0x2f5bb5bbce678ea7962e
11,88,25268,25267,51,64,72,0xaaefab99becbe,0x1c28bb124ce906534,0x14bfea176ed5df9ace6,0x2ad91cfd1599eaf61f32
11,89,25107,25106,46,72,73,0x4a618454e23e,0x1ab55caf1ddde7afad2,0x29c41573e7bcbb26058,0x20122539b3214215235c
11,90,47626,47625,49,72,73,0x3272d36fa4f28,0x195855ce3f32f4320fe,0x2c08bd6c0abf53580ef,0x230632f65c51c5d74a90
11,91,21226,21225,51,75,75,0xb4005a48edee8,0x8a8eecdf4421a3e1b42,0xc59603cae0175a562b0,0x77764c9834e00bd1b1f2
11,92,476,475,72,81,82,0x150cb52b2213c537d46,0x2e7538cfeb9be7afe9dd4,0x44af0d026d17ad34faa74,0x158bbcace91fa66e40baa0
11,93,211,210,77,83,84,0x2c12b0cc469970f38b74,0xddf67121cf50a7a8ce329,0x1335b8ea05ab27107015a7,0x615ce3162880d05df10d72
11,94,139,138,77,85,85,0x2224fcc6d4145711e672,0x283212e3ee52f0b01174dd,0x39ec34d458ea0801aaecb3,0x12aef2813dc0d6b3e8d8152
11,95,49,48,82,87,88,0x43dfb66b38903cc9faf00,0xd590fb2dd1c5000bca5256,0x136026ad8a5bca7f247a480,0x5fffdb04f8d35fde031a23c
11,96,30,29,85,89,89,0x2f85c00a6cf40587bb1378,0x3438428586f8e2de75658f2,0x3db149569f59affbf99007b,0x8cc25828f5c6ba4d87c3872
11,97,32,31,87,90,90,0xc82598c7cb33c7a476a05c,0x67501ef35a5288f69fd5ee0,0x7efabe3b4f2b41034d63cd8,0x193ad7df4c04923308c67ebe
11,98,24,23,87,91,92,0xa168d750c5a4eaef1a341c,0xb09c51f65463c1350fc29c2,0x14134effbc9a354adc12b3bb,0x436a8286744d23ad65ba763e
11,99,40,39,82,92,92,0x5a01bb9d054ff5c4d5ffc,0x144bbce6d358a1d1653a1f08,0x194bc5b868d8d07ca158088c,0x6993caea69a73937ebf09694
11,100,10,9,92,95,95,0x1abfe91a38ae6a5d6ed86710,0xcc0f14672ae52dfb9e013ca2,0xd4c82ede5c3a53d54ddb6749,0x20a1115b9af68b8e080da6808
11,101,12,11,91,95,96,0x82d3960630f3112d43f59fe,0xe3432783c520d8b6a7412b4a,0x15c781edec8c1b266743b0250,0x3b1055c8d532c6586097b6d2c
11,102,6,5,93,97,98,0x2d2f9db7c810458dca4dbf34,0x27e3e94cbb0014209739a11c4,0x55193132fe2af79d1424b0ca4,0x134ece1a2677b8a07a8060f090
11,103,7,6,96,98,99,0x1d1bfa3747c019d9072af69f0,0x44d99e53a2e289f489faed8cb,0x9247745b7abb4437ccd872b18,0x1d8b94d754261136d8512b3d1e
11,104,5,4,98,100,100,0x5693ba07d818940e049f91b26,0x19aaef7aa12872b4a5c953fce4,0x1bfa0ce7d970bc8a45165e44d6,0x37291909a5f0837ee87cd7fe6c
11,105,4,3,97,101,101,0x2274e6944eba53702937b36ca,0x25d5e59d6db9dac0994b19ef1c,0x2f7cdf3ce9dfbdb448f4c633f6,0x667969b00af9b9253effbd75fc
11,106,6,5,98,102,102,0x6b7fd64d6c8aa96e8bff64646,0x65f56ecd9ecca39ff06f1719b0,0x63705abb56148491babdd5d862,0xb09f4491f84bc841e590746ce8
11,107,5,4,97,103,103,0x2fd35d5c12233abae1aae6e6a,0xa6f41cee3c817799406bfbcb08,0xf574bb554bf18d14b8119e62da,0x284ed7da2f5a11174b153d386ee
11,108,5,4,98,99,104,0x49ee17bd06a9741c7b7ad6d24,0xcd792663580d5f7edd2148ed2,0x147bfd79b83ca24e47b6c09bf92,0x500b15825d3bc50604a54507382
11,109,7,6,99,104,105,0xcc3b7a10b36bfb905c9e3bfb8,0x14cf72f16f127f5f7d16413d94b,0x2928bbb247a4501163a78175b86,0x76ef2de81f0b17d3e95c9ca370e
11,150,1,0,,,,,,
11,151,1,0,,,,,,
12,59,1,0,,,,,,
12,60,5,4,52,55,56,0x16d520ff34709a,0xc69876ea1459b5,0x16b970fe675b82b,0x40a5630c679bca8
12,61,6,5,55,56,57,0xd35dd5de8a8dd6,0x1e1568e65b51bf0,0x2e9e6a828a960f4,0x5b8e663c44480c8
12,62,16,15,52,56,57,0x1f39e3a98d1458,0x1dc134cf2211404,0x206ca3a8b1e68f4,0x6329d3fae9b4206
12,63,16,15,55,57,57,0xda1ab0f05474f8,0x257bcd1e9c442e8,0x369365e803a3324,0xd691c5abfde5d7e
12,64,34,33,54,57,57,0x542283c2e31022,0x278be6bc75eda96,0x3c86ed7ac252e98,0xe4709819035a6e0
12,65,41,40,50,57,58,0x683950a67ae86,0x347a4193542a516,0x59ef0e5af4a4028,0x18d6a8fcedf4512a
12,66,87,86,48,58,58,0x11a248488d394,0x429b6fece89e8fa,0x5b9eed7b645e0ca,0x1e1123ea5050a1da
12,67,133,132,52,58,58,0x1202f26ed21a18,0x5d3d49a0676392f,0x782033d9dbfb52a,0x1df66b40300f6f82
12,68,242,241,51,58,59,0xc8a77510458da,0x5f567918e3e78c4,0x8746e8ab29896c5,0x43bb6fdbc7bd5546
12,69,440,439,51,58,59,0x8278e175d474c,0x6e0dc3bf4a51d74,0x951927dc0ad358a,0x37b77822de9b5f9a
12,70,776,775,49,58,59,0x3e85fb0dcb3fc,0x74f6bee6c01f366,0xa8d65c32fb9a4f2,0x529ef669acd45ad4
12,71,764,763,53,60,60,0x217b29228ca0e8,0x102d685680c70eba,0x1575e8c408908e77,0xaf675d139078798c
12,72,1205,1204,48,60,60,0x10f74d3b24fd2,0x137dbeb8cefa8204,0x1b363669a6ddfb46,0x95bc6ee88471a164
12,73,2262,2261,44,60,60,0x178564ba3e40,0x141cc03948654042,0x1ceec6edb484e588,0xfa6f0529c750ebb0
12,74,2664,2663,46,60,61,0x7e713bf60164,0x1e4fd4c16524b3c0,0x310e09e49029d8f5,0x2a808c7effa705ef8
12,75,1371,1370,51,62,63,0xb5d5ce5f155c2,0x540fbb2b4126cf7e,0xbf3c7d67f1e48a9a,0x91d9d2bbe686bff42
12,76,5380,5379,50,62,62,0x4bab61333742a,0x4360697fbacbb5be,0x616eeba358feef74,0x459f7dc1eaa3a28c0
12,77,375,374,51,62,67,0x89662fbda3160,0x40d5d16774dde14f,0xa4558352d8f69ad0e,0x1ffa26445a0a4f124fc
12,83,12,11,74,77,78,0x51c83833e9dbb84baa6,0x275ef81669a83329aa52,0x4bb5bc51ae5ab546df84,0x15d377f0048062ffa24e4
12,84,43,42,60,76,77,0x199480fb9b62a370,0x1ea36523b7e63260474c,0x2acc8af18312404eb79e,0x11b2a31a8a8b7ee617514
12,85,163,162,60,74,76,0x1758cbec6b27a194,0x7dfd30322edaea9eb57,0x192ad9140b7126647f81,0x1dac438491f25e5c8b904
12,86,550,549,60,74,75,0x12ce3da6b305dffc,0x49ac04bcb043608d184,0xee08ae8910bbc1b8d3a,0xb8f5dda968d93c5f11da
12,87,1444,1443,58,69,75,0x66d5d4880e08a28,0x290df857c1db4cca2e,0xb5a1728619db9b7ec87,0x912a4456eeb0a37f788c
12,88,4552,4551,53,67,74,0x3020e525839a4a,0xa4b97dfc6c95cb932,0x73329c2df86edda2304,0xb355f09f8667debfa3ea
12,89,4401,4400,55,75,75,0xe774a528648a14,0x9b506b8baab76f988b9,0xee3c77b788e7cd30557,0xa3c4b37d2cfc518d4618
12,90,8393,8392,52,75,75,0x1d00aff0a2343e,0x91fdbccdad0974880e6,0xf9e5e6e2cdafba472df,0xd2a1832830e114bce1fc
12,91,3571,3570,66,77,78,0x4633e09eeecba8a6c,0x33703925a3d4d9974100,0x496cedaea724a2f64129,0x25951c0f922678d0e1cfc
12,92,94,93,77,83,84,0x3188a77dadb246b3d212,0xfce64af9990bfdae7c6b8,0x1598d2258d0e8e7f739c6d,0x5671652b43c36f01f2946c
12,93,34,33,81,86,86,0x3c7a480556f3a8e89d6b8,0x4987291d72c2de632a093e,0x75d136db4dd78cb979bba6,0x22130acefc365b1a97afcc8
12,94,18,17,85,88,88,0x296c5960dcf381bf431294,0x1124511819cd9e8e3407b16,0x1ae3409ec36d747721a1deb,0x73f1748949ffaea5f46d132
12,95,14,13,88,89,90,0x110d29dcffb785ac680a412,0x3b1f0eeee80be80a4cba34e,0x4da6f995612abe6af7c1c7a,0xce36649948b024d764f493c
12,96,4,3,90,91,91,0x78148b4775df6006eeb901e,0x831a8c6c23bd285f01b8506,0xe2c3ba16356a7acf958dbc0,0x1ad1c168f06a2e808d037e1c
12,97,5,4,92,92,92,0x10efd026fa026d1c34433f44,0x1f17e16200f40d27ee63cdd2,0x1e33d6b7473486cea2eb5851,0x29afc7f220e793ce7aa2865e
12,98,4,3,92,93,93,0x1f1ed0a018dd472dc64e8a92,0x32152339050fd8781c1a2406,0x36fca958a737768b15e261fe,0x53c20830d7b943fb5f3e7762
12,99,3,2,93,96,96,0x367ba22f71588fdecfb69726,0x153435dc3b5a03250b80cb0e9,0x153435dc3b5a03250b80cb0e9,0x2700b1957f9e7d4c2a062caac
12,100,2,1,97,97,97,0x2a3f58e684cbdedb1e7a89b88,0x2a3f58e684cbdedb1e7a89b88,0x2a3f58e684cbdedb1e7a89b88,0x2a3f58e684cbdedb1e7a89b88
12,101,1,0,,,,,,
12,102,5,4,96,97,98,0x1b04fe70227a6c8a1e47c60fc,0x249b69fe7288b2b5f06cbd257,0x445e1148143025e38c794f09d,0xad3c72b34934c59832c3fbcca
12,104,1,0,,,,,,
12,105,2,1,103,103,103,0x90d782df7b7ced41b9b3218842,0x90d782df7b7ced41b9b3218842,0x90d782df7b7ced41b9b3218842,0x90d782df7b7ced41b9b3218842
12,108,2,1,101,101,101,0x2d72a52f7c4f4bb9610249fb30,0x2d72a52f7c4f4bb9610249fb30,0x2d72a52f7c4f4bb9610249fb30,0x2d72a52f7c4f4bb9610249fb30
12,109,2,1,101,101,101,0x329a63ed13f70e0ca7ca4f164e,0x329a63ed13f70e0ca7ca4f164e,0x329a63ed13f70e0ca7ca4f164e,0x329a63ed13f70e0ca7ca4f164e
13,60,2,1,58,58,58,0x4a4837c46349088,0x4a4837c46349088,0x4a4837c46349088,0x4a4837c46349088
13,61,1,0,,,,,,
13,62,4,3,58,59,59,0x5e9e7721748a2b4,0xa65de961c2ba7fc,0x9f16b97ff100c2b,0xd847cbfc9bbd9d2
13,63,6,5,56,58,59,0x1e0c7c7b6d1e778,0x7f90131aebeaeee,0x8b7e0962091dd5a,0x1378947eefc96632
13,64,4,3,58,58,59,0x6313b1887af0982,0x636300b566e99de,0xafbd6a3bb0d75d2,0x148c18c7530abe18
13,65,13,12,53,59,60,0x231292e51f3792,0xeee3309fd2df71c,0x13bb4b63c90da533,0x376b5f5478dfd1ac
13,66,20,19,56,60,60,0x1591a9af94ed3f2,0x16f5ade39623948c,0x19f2a6dd60c3e620,0x383a11f31551bff8
13,67,28,27,55,60,61,0xd9fa676e05e6f0,0x19bc2171f94e1d50,0x22c98789f3ca3155,0xa4754887ca296d58
13,68,59,58,55,60,61,0xb5626e0ffbca94,0x17cc55f56f3af82e,0x22243361aa9f9816,0x82415b5918b37d98
13,69,79,78,55,61,61,0xd0a25fc8aa99d6,0x218a34cae76c0f97,0x32b46e87d4a6a6b5,0x13e43a7312c67fec6
13,70,151,150,52,61,61,0x1482dd013608e2,0x25689b058f13e1b8,0x362261ae18ce0cbe,0x121c522817cf3216a
13,71,156,155,54,62,62,0x4f26c6d4ffbc8c,0x4fb45f5c492d2f04,0x6974fd19755f5fe4,0x2ff0ab8dc5d412342
13,72,276,275,50,62,62,0x7b32742a0e5be,0x4d5b99752479bac2,0x7691e9aac95dc249,0x2b290d294939d3952
13,73,442,441,53,62,63,0x2a33db37a345a4,0x67af57d5171826de,0x93eac0a46859749c,0x410660919549e17c0
13,74,537,536,53,63,63,0x2bbb62180e9672,0x9ed3010fa01f74cf,0xf430337263c2aa25,0x8d237b04e46ced702
13,75,284,283,58,64,65,0x4764a3f8244bdc2,0x178b7f82f7f697566,0x3980f49e9194ffa63,0x25e68e0b0ba9d342da
13,76,1080,1079,56,64,64,0x16bfa4c415987c0,0x137083f68c3089c64,0x1e51b48566107a3fe,0xe588b63a3be5b149c
13,77,71,70,60,64,69,0x16687d2d3e506df8,0x1a237383b2b1fa7b0,0x36d528b10109963df6,0x3010e0411d863cc6588
13,83,1,0,,,,,,
13,84,8,7,78,79,79,0x4ec39e75cad39458ece8,0xbb3bc2294837a327a7b2,0xf1821de60a4fd8cd4ad5,0x2019aedbe1ce04bc625cc
13,85,25,24,67,78,79,0xe10ce1c30e9005de8,0x4e8710997beb05f593c6,0x97e1d79a03767e41f208,0x4de805974966ee2920900
13,86,109,108,63,77,78,0xfa761fa869b57b2c,0x2a2c5b54016f302eb1d3,0x4881e10145d9d02e4aed,0x317ae366d4d0da1b08804
13,87,273,272,58,71,77,0x63151d517dabc98,0xae30a523430bef7aea,0x3ae1dcb4460d2a0973d4,0x28589f662cca1999835ce
13,88,791,790,61,69,77,0x29b09c0321290c30,0x37a7dad8ac5b79ca03,0x292f957d124b3140e189,0x2b3a3e2edda2e5a77eca4
13,89,739,738,65,77,78,0x24e92effa14bcc712,0x3b91d44836b21e905f3d,0x58c52b0ae9709902a4f0,0x29cb551a7f1ff46c11d8c
13,90,1435,1434,56,77,78,0x1fb6bf3be8a9a1a,0x36fc35f0f2baa8ffa4d8,0x5b158ef51c13a84e3918,0x279507dd5d799f4de2cf6
13,91,608,607,69,80,80,0x36a4b66eb1f8e6c8f0,0x128ecaea1c12c115aab3a,0x1af4cdd2589674a82b357,0x98b547af1e909bb87b7bc
13,92,10,9,84,87,87,0x1be7d778d7a332488f59dc,0xbe527a7686b018ee660554,0xd8ff8260f33903dc623b1f,0x19807e8720788bb1d020d6e
13,93,9,8,86,87,88,0x4dc15ff09a227cca01a988,0xf625876863d3c9725de64b,0x1e7515a8c49ed76937ec146,0x458af4176d0ac430d65a2a2
13,94,3,2,90,90,90,0x436a02afd1a14d8a340bb56,0x4c479d93102942cd33969d3,0x4c479d93102942cd33969d3,0x552538764eb138103321850
13,95,1,0,,,,,,
13,97,1,0,,,,,,
14,62,1,0,,,,,,
14,63,1,0,,,,,,
14,64,3,2,57,61,61,0x333138523c20d5a,0x3a9c1aa11b816f16,0x3a9c1aa11b816f16,0x720521bd1340d0d2
14,65,1,0,,,,,,
14,66,4,3,61,62,62,0x31538517158e2660,0x6bf775ccfc2e5c02,0x75d44433a142b5f4,0xc431d1b6d20b9f7a
14,67,7,6,60,62,63,0x19d06b85b66980e0,0x547041ed0671f0fd,0x8e7af81841587b0d,0x1dee7d2e1b8d8bf32
14,68,10,9,59,62,63,0x9ce87d9b6f710be,0x48b219f79cba1e9a,0xcc74dfb8553c91c6,0x2527b281da33dfeb0
14,69,16,15,60,62,63,0x16ef2075fe383462,0x78ce80e160cb9a26,0xf38139b55d734304,0x326eef02ffb860f34
14,70,31,30,60,63,63,0x19310811a4619260,0x88c07aa586e20fb4,0xfddd5dcc1c50dacb,0x3af640f745dffc2ac
14,71,35,34,60,64,64,0x1119f6545aa56ab6,0x12d50447ce8d2c996,0x1b569ad4f6570eb6f,0x4a2d0d5d29cfa51da
14,72,44,43,58,64,65,0x4154d2044e101ea,0x1b9e41e6d7655ce3a,0x2e428f1d17f279f9b,0xdde81523cc9f041f6
14,73,94,93,57,64,65,0x36f9660ca89322c,0x1e99308d803245b78,0x2b43fd7c9f2f34aed,0x122085c7006d856922
14,74,105,104,60,65,66,0x116ae20869f41436,0x3ee07af66308efdba,0x4e4fa050145418ceb,0x17068df14cb76b957c
14,75,51,50,54,67,68,0x6bed79991f0164,0x8e25d20450827a5d7,0x1309d41e5f75940844,0x7eca563d7106ae5d36
14,76,204,203,59,66,67,0x9002bafe958f7f0,0x6b3a8be2f31fc2052,0x9e72061c0db7fe598,0x3f858f4d5e949479c6
14,77,14,13,62,67,72,0x5bfcc58946e5b3d2,0xa9c940def1147e2e6,0x1271d4b87e579505876,0x5ffe67faec1e0552fbe
14,83,1,0,,,,,,
14,84,1,0,,,,,,
14,85,2,1,81,81,81,0x2c4ed39d55ae4b5582c4a,0x2c4ed39d55ae4b5582c4a,0x2c4ed39d55ae4b5582c4a,0x2c4ed39d55ae4b5582c4a
14,86,26,25,68,79,80,0x17ddce988f15eb1eb8,0x9d5654fc38f0d87e6e08,0x11883a91f0730d869cc0c,0x63780e0d1ca8fd3d421d4
14,87,46,45,67,80,80,0x9c4ed17e3cdc076da,0x1288dac3cd38b0d6c7314,0x165252e4731429c045514,0x98907f02eda584d246ccc
14,88,144,143,66,72,79,0x5c43c7b76b832cf20,0x175a9c926da06acec2a,0xe3433738321f2c40ffd8,0x9b10b3cbd291846effb36
14,89,128,127,67,80,80,0xc3b78a3277008bc40,0x164ebc887582a341b45ec,0x1fcbb752146a05bf75bed,0x917fe29c69958f696e75c
14,90,254,253,66,80,81,0x6a84989e46c42bc2e,0x12381f7604ce9bead0848,0x2045d5d50d40f1a2eeb3e,0xebfccbfa0ee97b4001758
14,91,98,97,72,83,83,0x12ca0b4b447a5cec754,0x87935f0d80d5ee752e47c,0xa80dadd29501ed8da37d5,0x357fe3906d08b12d3ff55c
14,92,2,1,90,90,90,0x45baf08c7c1c49ea3608a04,0x45baf08c7c1c49ea3608a04,0x45baf08c7c1c49ea3608a04,0x45baf08c7c1c49ea3608a04
15,66,2,1,60,60,60,0x17b9d8efd443f08a,0x17b9d8efd443f08a,0x17b9d8efd443f08a,0x17b9d8efd443f08a
15,67,4,3,63,63,63,0x88aad408deac4114,0xeb95058cb7bcc936,0xe4a67e6b55cc1062,0x139b3a1ac6afb26dc
15,68,2,1,64,64,64,0x184caa2b75723e2cc,0x184caa2b75723e2cc,0x184caa2b75723e2cc,0x184caa2b75723e2cc
15,69,6,5,62,65,65,0x56abe6164bfd964e,0x229084ffcfad6c5e8,0x31846aa16561a9904,0x635cf0d53b22a3f96
15,70,5,4,64,65,65,0x18fa2b0500855f776,0x3d9c6897aa0775a8b,0x3d7616fc99c505692,0x61a55fbe127fcadbc
15,71,11,10,64,65,66,0x13fe68ad3910fee34,0x39d81b3e845637ea1,0x574ad256596dcd679,0xe7f69eb5cd4fcf2ce
15,72,9,8,65,67,67,0x32828e6e6e0d6aed2,0x85e9475269e07dde6,0xa4d51cd06ff0368ae,0x160f0769bae8827772
15,73,21,20,63,67,67,0xd5dbe18f25a6794e,0x985cf7883f81f72fb,0xbcbbe20e13d2c2a44,0x1ef04900e592c88a18
15,74,17,16,63,68,68,0xe133166493d49626,0x14f5c743bd5cc9831a,0x1e5a0af351b094a8d2,0x5cd7c10d9ec7a9477a
15,75,12,11,66,69,70,0x67e61906f01b5aa04,0x2db749409c68e09fc0,0x46c79afc58ab294218,0xae796633737712a7a8
15,76,35,34,61,69,69,0x37ed8373b620770e,0x266d4b9edd9521709b,0x3769a992dd46895964,0x11e2de2d1086d5f8892
15,77,2,1,73,73,73,0x2f03b7789630d7b80a0,0x2f03b7789630d7b80a0,0x2f03b7789630d7b80a0,0x2f03b7789630d7b80a0
15,85,1,0,,,,,,
15,86,5,4,74,80,80,0x555484eabc73fe7abc8,0x19c0d5b598eea85b97f59,0x1ce49003aa19b510fd054,0x3fbb401e8bcd0f8e496d8
15,87,9,8,78,80,81,0x76d65fa7d0830db21744,0x1f60ee0f985f501562653,0x389e4b49fea9a04ebaa83,0xab787e597114f672f4e6c
15,88,20,19,72,82,82,0x1c2903fb5d2d619579c,0x4ec59126fd171cfd556d6,0x5da9ac9437215b185d8e0,0x13f3ad60a7b9c1fca6133e
15,89,28,27,78,82,83,0x41ad75bfdc582d8aa51c,0x5ab60d0dbaaaf7226acfc,0x95232aff715785c85e716,0x339767565a53fbd58bed60
15,90,35,34,69,83,83,0x2aa630c74a6eef314e,0x954d850942d15138d07dc,0xe779e6f7c26cd5f73895e,0x45b41f45066217b851f66c
15,91,12,11,84,85,86,0x10f53b78b7aa844fe4d30c,0x3e2475f9209ee38168fd58,0x507fcd75a6b2d6f1e33692,0xb6b2c81408aab027900116
15,92,2,1,89,89,89,0x30750f41d93f793e743c592,0x30750f41d93f793e743c592,0x30750f41d93f793e743c592,0x30750f41d93f793e743c592
16,70,1,0,,,,,,
16,72,3,2,65,68,68,0x251efd043bf3aad4a,0x1898c73aecb8679a3b,0x1898c73aecb8679a3b,0x2edf9ea595b194872c
16,73,6,5,65,66,69,0x2f847a26291b9061e,0x703c795896d5f679c,0x251ba650841dc87b70,0x9a9d119249e52197f2
16,74,4,3,67,69,69,0xd5c7149f4ee9aef7c,0x264c34a23a8581f00a,0x31465bb2ac46e7190e,0x602a6d2bd560986ba4
16,75,4,3,71,71,72,0xaff72ab9e3e371dbc8,0xdbfd2d2441f1632000,0x13e5edd37d44b7393d0,0x22f283fc9570d85bfa8
16,76,3,2,71,73,73,0xf720e6d419f4e7ef46,0x30adf5bc8617649d804,0x30adf5bc8617649d804,0x51e9dd0bca8f7abc0c2
16,77,2,1,72,72,72,0x1038f66f44456e453d4,0x1038f66f44456e453d4,0x1038f66f44456e453d4,0x1038f66f44456e453d4
16,86,1,0,,,,,,
16,88,7,6,81,82,83,0x27853daae1bd51d00cc0a,0x7febd7a079f827104adcf,0xe4ab9385ac0928231a176,0x221046856dfb900c003512
16,89,3,2,84,85,85,0x1de5810ce40b7c74615b68,0x35fac1ae2699f59ec3850d,0x35fac1ae2699f59ec3850d,0x4e10024f69286ec925aeb2
16,90,9,8,82,85,85,0x5117ea7c929d8573efad0,0x23d852f82ab493d82baaa6,0x350a4820523732f50381c7,0xa13a6ab90ac68d946b53a8
16,91,1,0,,,,,,
17,88,1,0,,,,,,
