gap_log2,gap_hex,gap_decimal_approx,cc,bits,root1_hex,root2_hex
40,0x1b85c1141e2,1891330245090,10,90,0x22f0b53edd7f07eb0953771,0x22f0b53edd7f2370ca67953
41,0x2ff46d9d2ec,3295428596460,10,89,0x1ee039a9ad528a39ae3fc05,0x1ee039a9ad52ba2e1bdcef1
43,0xb5b40402008,12486547873800,10,89,0x194e08317a15cb2e5fa7091,0x194e08317a1680e263a9099
43,0xbc3f005735e,12936173417310,10,91,0x7630cb08192fa6353489309,0x7630cb081930627434e0667
44,0x116746e713dc,19135268852700,10,91,0x5a05fca77245a70f715313f,0x5a05fca77246bd83dfc451b
44,0x178564ba3e40,25861688016448,12,73,0x1486cb8f4411cacae3f,0x1486cb90bc68166ec7f
44,0x192b4a739694,27673723377300,10,89,0x127135157a1d0f857940825,0x127135157a1ea23a2079eb9
44,0x1b70b65b128c,30170909708940,10,88,0xf75dc4ab981d787e26ca05,0xf75dc4ab9838e93481dc91
44,0x1c6217fe3ab8,31207634909880,10,90,0x2a130d35270ee366009e54d,0x2a130d352710a9878082005
45,0x227cb8748608,37919065933320,10,89,0x11f5b7186d2418ff6222351,0x11f5b7186d2640cae96a959
45,0x29a9b815f55a,45808914658650,10,91,0x52e086eaa2a3f1c6bb23d6f,0x52e086eaa2a68c623c832c9
45,0x29bf28c6b356,45900999603030,10,90,0x3bae9279ab9d52e2344241f,0x3bae9279ab9feed4c0ad775
45,0x317b2d6efb8e,54405112986510,10,88,0x87642c5bfaebd48a74049f,0x87642c5bfb1d4fb7e3002d
45,0x31ba8b948f28,54677275447080,10,89,0x115fb34a724d04b81bbb6af,0x115fb34a72502060d5045d7
45,0x32a11b3366fe,55667527476990,10,90,0x235ec60318be520e3586b5b,0x235ec60318c17c1fe8bd259
45,0x360287be4140,59384495227200,10,90,0x2f1bf554a7dc1c0c7fe66c9,0x2f1bf554a7df7c34fbca809
45,0x3b438c99b0aa,65161307730090,10,90,0x325bfc703fcb267b71e4bb9,0x325bfc703fcedab43b7fc63
45,0x3d4cd29af7f2,67400160180210,10,91,0x42d5e5d7578d4534a3feded,0x42d5e5d757911a01cdae5df
45,0x3de1f876e37e,68040745476990,10,88,0xa279a4bb18ac4026e0f535,0xa279a4bb18ea221f57d8b3
45,0x3efca1173d38,69254755335480,10,88,0x84efab9e74abcf06f2a9ad,0x84efab9e74eacba809e6e5
46,0x48c5742b3040,80012894744640,10,90,0x304fa6eb941b85e38fe6c6f,0x304fa6eb9420123ad299caf
46,0x4a618454e23e,81782692438590,11,89,0x11851fa21d07278b912782d,0x11851fa21d0bcda3d675a6b
46,0x4ac7494adf5c,82219788590940,10,90,0x3e2e2b54b0043fdbe05c5b5,0x3e2e2b54b008ec50750a511
46,0x572b7bd1b502,95844272551170,10,88,0xa53f682cb162861452ae7b,0xa53f682cb1b9b19024637d
46,0x6fe8ee92625a,123046225666650,10,89,0x1965fec914488834f759647,0x1965fec9144f86c3e07f8a1
46,0x76bbc7229cec,130548871896300,10,87,0x46279e6ef9977d4266a185,0x46279e6efa0e3909893e71
46,0x7e713bf60164,139024802382180,12,74,0x2afb8320b43429db9a9,0x2afb83289b47e93bb0d
46,0x7f2ad6971304,139821965579012,12,73,0x1169cd22834f95515b7,0x1169cd2a75fcfec28bb
47,0x8077fd1aab44,141252835846980,10,90,0x2589da1bf9789a5194e5351,0x2589da1bf980a1d1668fe95
47,0x8716e59a6b94,148532411132820,10,90,0x33ee70ddb8e8599c7b2529f,0x33ee70ddb8f0cb0ad4cbe33
47,0x8731884b076c,148646809765740,10,90,0x27dc8de1b08bcd4341f21db,0x27dc8de1b094405bc6a2947
47,0x880cab7f6094,149587998236820,10,88,0x8ec57f7475c16ac8896aa3,0x8ec57f747649777408cb37
47,0x8b204b0446be,152970813785790,10,89,0x19f2a397e33b41ea02d4239,0x19f2a397e343f3eeb3188f7
47,0x8b4eabf9c77c,153170008983420,10,90,0x3610e8a570237a333d74721,0x3610e8a5702c2f1dfd10e9d
47,0x8e6b77e5a72e,156592224184110,10,90,0x2b7307df4b2a99c814376d7,0x2b7307df4b33807f9291e05
47,0xa1a75228583e,177740009986110,10,88,0xaec5d2a78169d97b6f11a9,0xaec5d2a7820b80cd9769e7
47,0xa5dd00d74208,182368620462600,10,90,0x310903b9e38d8e2730c0365,0x310903b9e397ebf73e3456d
47,0xaec381e4734a,192154721088330,10,91,0x466ad0427af51056dac9803,0x466ad0427afffc8ef910b4d
47,0xbb45bc5993a0,205908187124640,10,91,0x4dcc0de45a042ee09482a37,0x4dcc0de45a0fe33c5a1bdd7
47,0xc4087eee0890,215540768311440,10,90,0x3f3fb8fbd7d309ff999ddff,0x3f3fb8fbd7df4a87887e68f
47,0xc49e4ac2bb88,216184138152840,10,88,0xbb166a3765e7f4ab019453,0xbb166a3766ac92f5c44fdb
47,0xc4d871b6e158,216433899790680,10,91,0x620fed47a2f1a51dd98f0f1,0x620fed47a2fdf2a4f4fd249
47,0xc4d9a08aae5a,216438980390490,10,86,0x288a2951c9957753b98f31,0x288a2951ca5a50f4443d8b
47,0xc7608b834d12,219217471425810,10,89,0x10ef96a8e6f015b2f51d193,0x10ef96a8e6fc8bbbad51ea5
47,0xcda7df323822,226120887842850,10,88,0x90028c023d80ecc7fd8353,0x90028c023e4e94a72fbb75
47,0xcdba86bc4846,226201008097350,10,88,0xa00264a13f04b09df5e8e5,0xa00264a13fd26b24b2312b
47,0xd0968b4a388a,229345000568970,10,90,0x3c6252cddafabbdef93bd51,0x3c6252cddb07c547addf5db
47,0xd1c09917c9f2,230625132399090,10,90,0x29d89e1e5533b1744dd3241,0x29d89e1e5540cd7ddf4fc33
47,0xd2264a3298a6,231061895420070,10,90,0x333ca6ecc7afb5c2bf259c3,0x333ca6ecc7bcd827624f269
47,0xd4fb9014b5d4,234176919156180,10,90,0x339b8f8e9e03b0767909945,0x339b8f8e9e11002f7a54f19
47,0xd68f4f657614,235911000716820,10,91,0x54d5c3541bbfb47e7e56a57,0x54d5c3541bcd1d7374ae06b
47,0xe01deed21dc8,246419165421000,10,91,0x6e1266144df0f94db96743b,0x6e1266144dfefb2ca689203
47,0xe0a32ba1e0dc,246991416320220,10,91,0x7002130c2684278ac70fcf1,0x7002130c269231bd812ddcd
47,0xea904240b56a,257905307727210,10,91,0x4a87725e59a4ca717b7cd3b,0x4a87725e59b373759f882a5
47,0xed5da4aa48e0,260986450364640,10,90,0x2b519dbc7f6ba53c24e46d3,0x2b519dbc7f7a7b166f88fb3
47,0xf330f444d6f8,267391582131960,10,90,0x28921465d944c224dd41bd7,0x28921465d953f534218f2cf
47,0xf85ae560672c,273069279045420,10,90,0x2801608108fec8a5db76275,0x28016081090e4e54317c9a1
47,0xfb65fbcb0c16,276415434656790,10,88,0xbd8bcc1e7b1b71e593980b,0xbd8bcc1e7c16d7e15ea421
47,0xfd449bd0dab2,278471113759410,10,90,0x21ba6a17cdc0e62651108e7,0x21ba6a17cdd0ba700e1e399
48,0x1037734b4cd46,285285496966470,10,89,0x1b85eda1990d41bc2341593,0x1b85eda1991d792f6e8e2d9
48,0x107ee615bc3c4,290195393725380,10,91,0x4abee5072a63641e6140ae3,0x4abee5072a73e30476fcea7
48,0x108fe6366df30,291363659112240,10,91,0x4b4d39a942c703e159684a1,0x4b4d39a942d793c78fd63d1
48,0x10f74d3b24fd2,298469419012050,12,72,0x92a982968fdd38afbf,0x92a983a604b0eaff91
48,0x1103eaea9d1e0,299336381092320,10,90,0x255aa57e7d69581be4eb909,0x255aa57e7d7a5c06cf88ae9
48,0x1163637a19cc4,305897094094020,10,90,0x2e29bcaea34f650a6db34c3,0x2e29bcaea360c86de7cd187
48,0x1170f7e9080b2,306830292058290,10,90,0x213b28a7c7a97ee3ad71733,0x213b28a7c7baefdb96797e5
48,0x11a248488d394,310219121415060,12,66,0x24ff2795550cbbea7,0x24ff39379d554923b
48,0x11b5730a5976a,311536268973930,10,90,0x3f34cf824c512a36529771d,0x3f34cf824c62dfa95cf0e87
48,0x12742b6af05fc,324642462959100,10,89,0x1c16207b042b1bfe6eaef7f,0x1c16207b043d9029d99f57b
48,0x12993bdc7c4ca,327189497627850,10,90,0x2e48ecfd8ba2051ecaaa4a5,0x2e48ecfd8bb49e5aa72696f
48,0x131a0d01bceea,336041732722410,10,90,0x3fe9f832c8ba68c12fe76c1,0x3fe9f832c8cd82ce31a45ab
48,0x1381578ae2c22,343139846859810,10,90,0x2d07a240e2b1715e381d655,0x2d07a240e2c4f2b5c300277
48,0x13bc7e5d45ae6,347204717140710,10,90,0x24653611e7daebd8842e0b7,0x24653611e7eea856e173b9d
48,0x1435bbb482ac8,355536239864520,10,90,0x25cfa59744f07dc3a8ccee1,0x25cfa5974504b37f5d4f9a9
48,0x1437e596e5502,355684922053890,10,90,0x31136508ce701b7d5bf5123,0x31136508ce845362f2da625
48,0x14a098bde7634,362879838484020,10,88,0x8ec7c20e52b1b5a6d65eab,0x8ec7c20e53fbbf32b4d4df
48,0x14dcd98e9b380,367020405797760,10,90,0x215ef490638fe02af1b9b9f,0x215ef49063a4bd048054f1f
48,0x14e98f8f85666,367893895730790,10,91,0x5e32a6b7459582393dce2e3,0x5e32a6b745aa6bc8cd53949
48,0x153ecf9df8460,373752246273120,10,90,0x2a363b9c3be6bad3aecfbd7,0x2a363b9c3bfbf9a34cc8037
48,0x15b21a6529d64,381675059191140,10,91,0x7e0ce0ff46d9b70afb97eb5,0x7e0ce0ff46ef692560c1c19
48,0x15b46f506f8fe,381835293423870,10,90,0x3efbf3efc3fb32b89ca97d9,0x3efbf3efc410e727ed190d7
48,0x15d108aa493ec,383800603612140,10,90,0x2001155815525121775998f,0x200115581568222a21a2d7b
48,0x168a10bd3e512,396515874170130,10,91,0x685361efd9631a624fd5289,0x685361efd979a4730d1379b
48,0x16a3ff9b5097e,398297981585790,10,91,0x4a91ae8ee2f622ddf543c03,0x4a91ae8ee30cc6dd9094581
48,0x16f6171577838,403939280779320,10,90,0x26155db9d04bca81b1a5e39,0x26155db9d062c098c71d671
48,0x172c2c460aaae,407655820602030,10,90,0x390435944923e3f1cc241a5,0x39043594493b101e122ec53
48,0x1732a020e8ea4,408099237039780,10,90,0x344c23e0ad6853e6b2aa3ab,0x344c23e0ad7f8686d39324f
48,0x175f300a64522,411161525110050,10,89,0x144ec680acfdce41bc5c6d5,0x144ec680ad152d71c6c0bf7
48,0x17fb51e586ee4,421890851630820,10,90,0x3652e4a60d2ead24ae8b049,0x3652e4a60d46a8769411f2d
48,0x18285a70a03d8,424985521423320,10,91,0x4656491cd3d7429966be27b,0x4656491cd3ef6af3d75e653
48,0x18ea96541f5c0,438333176149440,10,90,0x3e91db5a17552f06acf6743,0x3e91db5a176e199d0115d03
48,0x1904917e1c14c,440118584394060,10,90,0x2b01e693418b9602b79e885,0x2b01e69341a49a9435ba9d1
48,0x196d8ced6cc86,447332903996550,10,90,0x2d89139e3afff3c31943a89,0x2d89139e3b19615006b070f
48,0x19b9123eb366e,452522651891310,10,89,0x1ceb9992d34d6bbff912dfb,0x1ceb9992d36724d237c6469
48,0x19c2b409b7144,453184558166340,10,88,0xa27738a3136d886140dfc9,0xa27738a31509b3a1dc510d
48,0x19f2128b1a474,456439742178420,10,90,0x3e413d8e193b1e0e10db5c9,0x3e413d8e195510209bf5a3d
48,0x1a190dfb1e186,459118577049990,10,90,0x2c1c1a23d55ecc6f3d8665d,0x2c1c1a23d578e57d38a47e3
48,0x1a4962005355a,462439665972570,10,91,0x56462017fd71148b999d8af,0x56462017fd8b5ded99f0e09
48,0x1a64bbc730988,464319191124360,10,90,0x20b8f98ab8f130e99bc9527,0x20b8f98ab90b95a562f9eaf
48,0x1aabdb235aef0,469206692114160,10,90,0x2580feda1d3fd1be492c545,0x2580feda1d5a7d996c87435
48,0x1b8596f655c52,484169237224530,10,91,0x651361a003435b1bcae67ff,0x651361a0035ee0b2c13c451
48,0x1bdb4429f4f10,490056886210320,10,90,0x3941a6168b17997282ac251,0x3941a6168b3374b6aca1161
48,0x1c074c1ce0930,493082676955440,10,91,0x4c133376fa544594ebe0375,0x4c133376fa704ce108c0ca5
48,0x1c0b1cce672fc,493344856109820,10,69,0x1001255de9370f4f55,0x1001271e9b03f5c251
48,0x1c2ae41a62454,495528658216020,10,90,0x3183659707ed3aa3d507bdd,0x3183659708096587ef6a031
48,0x1c3db09a9e062,496820504092770,10,90,0x277779287e7ca18dc9783c7,0x277779287e98df3e6416429
48,0x1c3ddb9551e6c,496832041262700,10,90,0x24ec5a790d8de323169af13,0x24ec5a790daa20feabecd7f
48,0x1c69a2a6dbdfe,499840415809022,12,72,0xbe79940ffcf80732f3,0xbe7995d6972274f0f1
48,0x1ca8c6bfd4df0,504179432705520,10,91,0x77d288dfb3dc2b6883a5d3d,0x77d288dfb3f8d42f437ab2d
48,0x1cc0ccc01ddf2,505830311058930,10,90,0x31661ed5131c1243ea05527,0x31661ed51338d310aa23319
48,0x1d405712f3504,514594815554820,10,90,0x27f5ef0dd693ff2aaf3cedd,0x27f5ef0dd6b13f81c2303e1
48,0x1e149b90e7c9e,529181730307230,10,90,0x20a2f5e04f6916b67ca745d,0x20a2f5e04f872b520d8f0fb
48,0x1e3be0394e8ea,531880220092650,10,91,0x4055f4dc516182d925ccd11,0x4055f4dc517fbeb95f1b5fb
48,0x1e3d463ba0eb0,531976322420400,10,90,0x2b42cc1979c5e0eb67aceb9,0x2b42cc1979e41e31a34dd69
48,0x1e89cdfdb49ec,537235444943340,10,90,0x2b2477eca30cc79cdad0d15,0x2b2477eca32b516ad885701
48,0x1ea2e8d2d4306,538960634659590,10,90,0x2800003226095352192b35b,0x280000322627f63aebff661
48,0x1fe1856ebe538,560855467681080,10,88,0xaf06353c8141d210af2c29,0xaf06353c833fea679b1161
49,0x203d6e38f80a8,567171429138600,10,90,0x20e2268c5e43fee2ae28fa3,0x20e2268c5e643c50e72104b
49,0x205a915d43026,569173727260710,10,90,0x37ae513eb30f2115b2a9ff7,0x37ae513eb32f7ba70fed01d
49,0x2143524f8dd14,585168439532820,10,91,0x61aad48ee1f00b0df1f1273,0x61aad48ee2114e60417ef87
49,0x218bfee2829b8,590162566851000,10,88,0x9b15602ced50d26654ca85,0x9b15602cef6992547cf43d
49,0x21a5a49d071b2,591925041197490,10,89,0x189ebbaada7183cd6d733e7,0x189ebbaada9329720a7a599
49,0x21d81ecfd633e,595393817436990,10,90,0x3971c59b435be295619a805,0x3971c59b437dbab43170b43
49,0x22175f42e8fb4,599740445003700,10,90,0x2f015d3c01124ee96bb3caf,0x2f015d3c01346648ae9cc63
49,0x223cc025dd68c,602309073426060,10,88,0xbb1555c129589f9f11281d,0xbb1555c12b7c6ba16efea9
49,0x22853c3d6c4aa,607290186450090,10,91,0x535265d53bb7dc9ad138be9,0x535265d53bda61d70ea5093
49,0x22b3cd3dff952,610490206124370,10,88,0xa276e6a81f1ba2f374fc7d,0xa276e6a82146dfc754f5cf
49,0x22bd5699ae37e,611145553208190,10,90,0x2c05ec34fe92984ee4f6cf1,0x2c05ec34feb555a57ea506f
49,0x22df04c0112d8,613460043961048,12,66,0x34240be084b3d5d29,0x34242ebf8973e7001
49,0x232a4f6ef320e,618634052317710,10,90,0x2bb142b0bd59bb99f47a53f,0x2bb142b0bd7ce5e9636d74d
49,0x23496d34280f6,620772347511030,10,88,0xbb1727b811d022766c9a25,0xbb1727b81404b949af1b1b
49,0x235255d21afde,621384545972190,10,90,0x263fddd58888687beb37ae1,0x263fddd588abbad1bd52abf
49,0x239d73c6930da,626546547699930,10,90,0x262765618dc99efb6a6691f,0x262765618ded3c6f30f99f9
49,0x23b534ce346f8,628178911708920,10,90,0x293b228e16bdde2bce21af3,0x293b228e16e193609c561eb
49,0x23ce3bbf9899e,629898762357150,10,88,0xa762eebaef0b0138a922ff,0xa762eebaf147e4f4a2ac9d
49,0x23df9dc70d210,631093307953680,10,90,0x2665238b041b15d7a1f3767,0x2665238b043ef5756900977
49,0x240f9ad11fa46,634391048092230,10,90,0x2d60115f6cd44ba33f9014b,0x2d60115f6cf85b3e10afb91
49,0x24849fc0e7b40,642432552041280,10,90,0x2eecbe9787146734c98abc9,0x2eecbe978738ebd48a72709
49,0x249d4e37ee9fc,644128652061180,10,94,0x2da36d92a005a7b183fa05ab,0x2da36d92a007f1866778efa7
49,0x2543c646a54a4,655568312882340,10,88,0xbb14bf39503d8f4167b911,0xbb14bf395291cba5d20db5
49,0x25d6bd6a7686c,665667697600620,10,89,0x1d8444d5d040b35af3e9cfd,0x1d8444d5d0668a185e60569
49,0x25e186546e29e,666408824791710,10,90,0x2c91309d0173529c55a5baf,0x2c91309d01993422aa13e4d
49,0x25e5c2003918c,666699720528268,12,73,0x1884ce0605548cfe497,0x1884ce2beb168d37623
49,0x25fc8be76254e,668265746933070,10,91,0x4164ec0fff9fa6681331f79,0x4164ec0fffc5a2f3fa944c7
49,0x2615eb4664286,670009334841990,10,89,0x1c0c889d1d7ed175302e8fd,0x1c0c889d1da4e7607692b83
49,0x2628218c1eb9e,671260854053790,10,90,0x3d43c13b083ec351cfd60bb,0x3d43c13b0864eb735bf4c59
49,0x2657923c4bfa2,674520918966178,12,73,0x192cb45809382d5bf99,0x192cb47e60ca69a7f3b
49,0x26792ffda1fbe,676831008792510,10,88,0xaec4ee990c6eb7f5ccc2e1,0xaec4ee990ed64af5a6e29f
49,0x2684278597c14,677584649681940,10,90,0x2d2aa81b9f316f941dd1359,0x2d2aa81b9f57f3bba368f6d
49,0x269c5332698a0,679245641062560,10,88,0xbd8a6d88f3d28a6447bd6f,0xbd8a6d88f63c4f976e560f
49,0x26e1fe30ae88a,684033185605770,10,89,0x109978c8440df8968be160b,0x109978c84434da94bc8fe95
49,0x26e6ba9529844,684358634739780,10,90,0x231cc3bd2563a24240ac4df,0x231cc3bd258a88fcd5d5d23
49,0x273ff72c557a0,690490932811680,10,90,0x209d9698da40410cc0d2c19,0x209d9698da678103ed283b9
49,0x27605476610c4,692714998206660,10,90,0x3d71b13dbf3c567962a0bc3,0x3d71b13dbf63b6cdd901c87
49,0x280be34e48868,704504372955240,10,88,0x93b3b250b4826be84c3ff7,0x93b3b250b7032a1d30c85f
49,0x282ff56f0b8a8,706983140309160,10,89,0x1989aaa3ebd23ff370dcc59,0x1989aaa3ebfa6fe8dfe8501
49,0x283ff500445e0,708082535777760,10,90,0x20dc5dfd7d6b3763e336243,0x20dc5dfd7d937758e37a823
49,0x291699fb78724,722832790619940,10,90,0x2c4211eeae5dc32e89d8a71,0x2c4211eeae86d9c88551195
49,0x291a4d54ab2b8,723087092527800,10,90,0x349590d10ce728fb4efbcaf,0x349590d10d104348a3a6f67
49,0x29663792b3ee4,728303932227300,10,89,0x1004cd03e9d640da255e321,0x1004cd03e9ffa711b812205
49,0x29b482706bf3c,733684148125500,10,90,0x2d83a5b54aee9f333d564e5,0x2d83a5b54b1853b5adc2421
49,0x29cc7ffe892b4,735332759278260,10,90,0x2f62894bae0801605a97787,0x2f62894bae31cde05920a3b
49,0x29f2225e6af62,737918967000930,10,88,0xac504e853a01bc23106cff,0xac504e853ca0de48f71c61
49,0x29f766e5750fe,738280959594750,10,90,0x3b6cc8e3e5d5e0fb6e66f3d,0x3b6cc8e3e5ffd86253dc03b
49,0x29f98b9384cd2,738428244741330,10,90,0x33581f259802af7e7c87a85,0x33581f25982ca90a100c757
49,0x29fcf13389058,738661682942040,10,90,0x26a0a40f40a981bffac6b23,0x26a0a40f40d37eb12e4fb7b
49,0x2a278aa20707a,741589087449210,10,91,0x6ad17c9854d0c42101f72a7,0x6ad17c9854faebaba3fe321
49,0x2a2dbdb49f492,742015114015890,10,90,0x2e654e7eebf19d9dd2f7f51,0x2e654e7eec1bcb5b87973e3
49,0x2a9df5b921ce2,749726732524770,10,88,0xfb5c59d7618746cdba9753,0xfb5c59d7643126294cb435
49,0x2b3f3c7b27e30,760809562209840,10,90,0x37d34c2e56479d617d08ea3,0x37d34c2e5672dc9df830cd3
49,0x2b589649744d8,762551656203480,10,91,0x73f9bb8c8890eb6dfc4dacd,0x73f9bb8c88bc440445c1fa5
49,0x2c20be40fc6fc,776306280089340,10,88,0xac517c82ea6b89db547dbf,0xac517c82ed2d95bf6444bb
49,0x2cd7395bfc826,788846270728230,10,88,0x989f3abf3200546955f0c3,0x989f3abf34cdc7ff15b8e9
49,0x2cf16f3fa671c,790647442925340,10,91,0x4ef314b932bedf46d2825d7,0x4ef314b932ebd0b61228cf3
49,0x2d2fb9fcba51e,794928112968990,10,90,0x25e715123e0ce0b6fa41769,0x25e715123e3a1070f6fbc87
49,0x2d5db10176556,798086797944150,10,90,0x2313b9a434ebffe32a8adb3,0x2313b9a435195d942c01309
49,0x2d701b07f08ec,799352209475820,10,90,0x33346a5ec74816a60ae70b5,0x33346a5ec77586c112d79a1
49,0x2d88f17f411d2,801059047215570,10,88,0x93b224801e2006e115dd55,0x93b2248020f895f909ef27
49,0x2dcd6da83f00a,805765300613130,10,89,0x104ecda7a271557dcf7ab49,0x104ecda7a29f22eb77b9b53
49,0x2dce19d0b3228,805811513930280,10,88,0x8ec76706ae35861ef10c4b,0x8ec76706b11267bbfc3e73
49,0x2dd4b9036557c,806266565186940,10,90,0x31c71657c52474a0c5a8d4b,0x31c71657c5524959c90e2c7
49,0x2e3a50bdd1684,813247961568900,10,89,0x155511aaacd73ab02afae9f,0x155511aaad057500e8cc523
49,0x2e413464f17fe,813721388521470,10,90,0x238b95355bb3abf12257df7,0x238b95355be1ed2587495f5
49,0x2e56f0864eb8c,815214998383500,10,90,0x2fd0ae4064d3b8137bb0e59,0x2fd0ae4065020f0401ff9e5
49,0x2e60d47da86ac,815894667888300,12,74,0x28b81498ecd687ac4ef,0x28b814c74dab0554b9b
49,0x2e9dd8d560aa2,820087721691810,10,91,0x7e1f019026d2705a1cc0647,0x7e1f019027010e32f2210e9
49,0x2ea5a46751452,820623403455570,10,91,0x68ecab57af4bafb1ac9c349,0x68ecab57af7a555613ed79b
49,0x2f2c84790c1c6,829891961471430,10,91,0x5bf4e3941bd210c86b301ff,0x5bf4e3941c013d4ce43c3c5
49,0x2f3304fe33490,830338777691280,10,85,0x1df764779ec12db4aac80d,0x1df76477a1b45e048dfc9d
49,0x2f4346171e22e,831455763751470,10,90,0x2512911e43af9c251f515cf,0x2512911e43dedf6b366f7fd
49,0x2f68bcec7d3b6,834030283510710,10,91,0x40d9fa84aedfc0995552e03,0x40d9fa84af0f295641d01b9
49,0x2f9a654172d2e,837442724113710,10,87,0x49d9bdb2917d2d12ba1d45,0x49d9bdb29476d366d14a73
49,0x3047178349c7a,849310324661370,10,90,0x3b25013929a2b07ee9ca6bd,0x3b25013929d2f7966d14337
49,0x3068eb9be64f4,851635001517300,10,89,0x1ec79aca7e1156e98e86cef,0x1ec79aca7e41bfd52a6d1e3
49,0x30862479207de,853643130701790,10,86,0x2c5050ba238089f285765b,0x2c5050ba2688ec3a177e39
49,0x319c5fe15bc5c,872763092221020,10,90,0x3e5fddded5b9fbd57d19d27,0x3e5fddded5eb98355e75983
49,0x31a05d98777aa,873037356824490,10,88,0x97e242f3bc9534f2091f07,0x97e242f3bfaf3acb9096b1
49,0x31a0bcaa33e76,873062876790390,10,90,0x3830ff4bfb33c6cc1771069,0x3830ff4bfb656788c1a4edf
49,0x31d5b49db7e4a,876702848482890,10,89,0x1aacc8f1857050389e80f2b,0x1aacc8f185a225ed3c38d75
49,0x32166c9c23112,881150285459730,10,90,0x2cec57c903157423e67f0f9,0x2cec57c903478a9082a220b
49,0x3272d36fa4f28,887500079517480,11,90,0x289d8e1a418b3c658acb521,0x289d8e1a41bdaf38fa70449
49,0x330558ffd6b60,897568976235360,10,91,0x65e674d89bdbdd9abc753a9,0x65e674d89c0ee2f3bc4bf09
49,0x333c011d04500,901324955731200,10,90,0x213b25f1a5644391283dba5,0x213b25f1a5977f9245420a5
49,0x334f56366e6f4,902653469452020,10,91,0x5217e040b92e744edfb455d,0x5217e040b961c3a51622c51
49,0x3364ac9ee85f2,904119773464050,10,90,0x2800035ed35d93168439f19,0x2800035ed390f7c3232250b
49,0x33e72134ec822,913084601255970,10,89,0x10f66cc088682d8e0ffb4e1,0x10f66cc0889c14af44e7d03
49,0x33e74248412bc,913093479895740,10,89,0x103c376c7135d82ce79d2bd,0x103c376c7169bf6f2fde579
49,0x342dd4edc9a9e,917943208417950,10,88,0xeb5fae3d42c30ec5de09ab,0xeb5fae3d4605ec14baa449
49,0x346de2954d386,922344920241030,10,89,0x1243cbb3073b016103d754b,0x1243cbb3076f6f4399248d1
49,0x3497b42fe8652,925218683913810,10,90,0x331b45123c4347c5d56c585,0x331b45123c77df7a0554bd7
49,0x34e4bc4717530,930512255415600,10,88,0x99e7651cc5293fea924fb5,0x99e7651cc8778baf03c4e5
49,0x34e5d2b341618,930586993890840,10,89,0x1efb7381a06fb0c547eb405,0x1efb7381a0a49697fb2ca1d
49,0x35004f983c7ae,932407226386350,10,90,0x209d908944d40e9a250d489,0x209d908945090ee9bd49c37
49,0x3504a1f10d5e4,932704209130980,10,88,0xac505cb8c4869003c09161,0xac505cb8c7d6da22d16745
49,0x3549c7e925bea,937456045284330,10,90,0x27627edf57606ade75b7151,0x27627edf5795b4a65edcd3b
49,0x35522c010718e,938032669684110,10,88,0xa4ee1de2de3b0ba4868c43,0xa4ee1de2e1902e6496fdd1
49,0x35a2359111a84,943532794780292,12,74,0x28a52918ef19f74c903,0x28a5294e914f885e387
49,0x364ca1d38ffd2,955244166578130,10,89,0x1c570f236014355f7e523a9,0x1c570f23604a820151e237b
49,0x367d70a746084,958598221160580,10,89,0x12ce2949c6ece254a51d78d,0x12ce2949c7235fc54c63811
49,0x3737924ee80b8,971389077979320,10,90,0x395786a9b104da7844f1d5b,0x395786a9b13c120a93d9e13
49,0x3742c2ae0c55e,972157976888670,10,91,0x4b26cd78ad41fb492a0b5e7,0x4b26cd78ad793e0bd817b45
49,0x3748ab6d1bb8c,972564051639180,10,88,0xb89ff6490bfa1665d48d19,0xb89ff6490f6ea11ca648a5
49,0x377f86dd64b0c,976333808487180,10,90,0x3d0dc46c3ef061ae31d696f,0x3d0dc46c3f27e1350f3b47b
49,0x381662cc06f9a,986700767588250,10,90,0x2f3531aa3e1867ca78d8f21,0x2f3531aa3e507e2d44dfebb
49,0x384910fabd8da,990183498176730,10,91,0x7091c8faa72d93c3b4b7cdf,0x7091c8faa765dcd4af755b9
49,0x385b4e7554810,991436951865360,10,88,0x913b6b6baf7a4e29448919,0x913b6b6bb300031099d129
49,0x38636c4f01728,991994720556840,10,91,0x7d8f91adf7b671b039c4101,0x7d8f91adf7eed51c88c5829
49,0x395e2d7da400a,1009226446684170,10,90,0x33c2678bbe3938225ce297b,0x33c2678bbe72964fda86985
49,0x3a1aeb1caafda,1022196609363930,10,89,0x108635023421af404f6359d,0x10863502345bca2b6c0e577
49,0x3a57e0a97f988,1026385692326280,10,88,0x83d93d76595a11165e0fff,0x83d93d765cff8f20f60987
49,0x3a6fc746762a2,1028028145033890,12,66,0x2b9cb7719a74cb885,0x2b9cf1e161bb41b27
49,0x3a7f0a210dcf2,1029076883135730,10,90,0x2002b2168df188dd8da7ac1,0x2002b2168e2c07e7aeb57b3
49,0x3aba0f7472b46,1033132761885510,10,90,0x2bb1468288df090396ca4f7,0x2bb146828919c3130b3d03d
49,0x3ac8b9997d6f8,1034140507428600,10,89,0x173631af06e6ce0d7ce1211,0x173631af072196c7165e909
49,0x3b04cee458906,1038269391669510,10,92,0x804616e4861508b4b250ab9,0x804616e486500d8396a93bf
49,0x3b7764deee930,1046143671658800,10,90,0x221308fd19df9ed8e721bf3,0x221308fd1a1b163dc610523
49,0x3ba97471235d0,1049583825335760,10,90,0x2e588cc8a89ace6e3384f45,0x2e588cc8a8d677e2a4a8515
49,0x3c81ae9dfb540,1064442848589120,10,90,0x2ff124a35645465fcc53b4f,0x2ff124a35681c80e6a4f08f
49,0x3c867c31d148c,1064772910781580,10,89,0x1461acfc85737f49d48340d,0x1461acfc85b005c60654899
49,0x3ce479e0b6d0c,1071231919680780,10,90,0x3978f0c076cba536216dd4b,0x3978f0c0770889b00224a57
49,0x3d303af64b502,1076437711107330,10,88,0x991fd507ca1b03fa9e677f,0x991fd507cdee07aa031c81
49,0x3d567521f1962,1079064666249570,10,91,0x78d29b484ebee514514fb59,0x78d29b484efc3b8973414bb
49,0x3e85fb0dcb3fc,1099922616923132,12,70,0x3f6fcedd36e461ec0d,0x3f6fd2c596953ea009
49,0x3e9ffdf867546,1101710106195270,10,89,0x138ac70911da3a363774637,0x138ac7091218da342fdbb7d
49,0x3ec34b99dda40,1104136126716480,10,90,0x2ec4f5466d74a19bd1f4f71,0x2ec4f5466db364e76bd29b1
49,0x3ee8a5663c2ca,1106702852408010,10,91,0x53221c3440d436275283c7b,0x53221c3441131eccb8bff45
49,0x3f02258fe4412,1108455242744850,10,88,0x93b305a2733bfbc0747989,0x93b305a2772c1e1972bd9b
49,0x3f8d5e49488e0,1118022476794080,10,90,0x30e32a57b095c2b3e3e7815,0x30e32a57b0d550122d300f5
49,0x3ff082cec73c2,1124835508646850,10,90,0x2cec5bdfe91dc83caac305d,0x2cec5bdfe95db8bf798a41f
49,0x3ff4f52f3585a,1125141089310810,10,90,0x241e639253d4bd14ae20d2d,0x241e63925414b209dd56587
50,0x4068fe7763848,1133115040217160,10,91,0x58234e4aa1eb45f3e69b6f5,0x58234e4aa22baef25dfef3d
50,0x407465215e58e,1133898513114510,10,89,0x196b1fec1e89dfdbbce02e3,0x196b1fec1eca5440de3e871
50,0x409dd3edccb2e,1136745753922350,10,86,0x2abe67cbf184f1f7838051,0x2abe67cbf58ecf36604b7f
50,0x40e491786ce56,1141606996954710,10,89,0x162764b34fd24caac112125,0x162764b35013313c397ef7b
50,0x40ff856446d0a,1143459180473610,10,91,0x459f310e5a789ea59eaa8db,0x459f310e5ab99e2b02f15e5
50,0x416a9346811e8,1150815891362280,10,89,0x1c57f3b2a4c314e1abb4d37,0x1c57f3b2a5047f74f235f1f
50,0x419357d2a6b9a,1153617430735770,10,90,0x2e276b60b5f2dbd58a911ed,0x2e276b60b6346f2d5d37d87
50,0x41d499f537abe,1158101949708990,10,88,0xa4edea4850e4322e8c9581,0xa4edea4855017bcde0103f
50,0x42cea630749f4,1175285102234100,10,90,0x3006c6e27a4c34be2a1b1b5,0x3006c6e27a8f03645a8fba9
50,0x432993f6a1aa8,1181533682145960,10,89,0x1372c1a94fc7a8d84d472b1,0x1372c1a9500ad26c43e8d59
50,0x44549641fa8aa,1202081421568170,10,90,0x385d1dc6ab3077fcdbd1dc5,0x385d1dc6ab74cc931dcc66f
50,0x44967590d3708,1206608131340040,10,88,0x89db14996e6cdde702e2b1,0x89db149972b645401019b9
50,0x45a6a14825758,1225311563962200,10,88,0x853cab9bbd335490e2d9bd,0x853cab9bc18dbea5653115
50,0x45f3b3db7c042,1230607950004290,10,88,0x8ec6ec39270210a2bf1f9b,0x8ec6ec392b614be076dfdd
50,0x4627ee19d51e0,1234196997427680,10,88,0xb3478b7247867e255bc00f,0xb3478b724be8fd06f911ef
50,0x46472d28f0716,1236344228480790,10,90,0x2a8bafae2f423348c042efb,0x2a8bafae2f887a75e933611
50,0x471638ae6919c,1250572252909980,10,89,0x1af58bd704ff69443c26aa9,0x1af58bd705467f7cea8fc45
50,0x4800034915dee,1266638277139950,10,88,0xb8a101b95faab6990f81b3,0xb8a101b9642ab6cda0dfa1
50,0x480a5f1d3aeac,1267350121983660,10,89,0x1eb6017e396a1f6663142ad,0x1eb6017e39b229c5804f159
50,0x483974d3fdd3a,1270585766174010,10,90,0x22fa4f6f3c2765b028dbd2f,0x22fa4f6f3c6f9f24fcd9a69
50,0x48beee96ad1a6,1279758141411750,10,90,0x3cbd03800bc59e4ce0ff99f,0x3cbd03800c0e5d3b77acb45
50,0x48ff5b0539474,1284185294869620,10,90,0x3389baa174ae745b350ac11,0x3389baa174f773b63a44085
50,0x4923dd4a50ba6,1286694165089190,10,90,0x22385ee1bd9fdb1776f3f6d,0x22385ee1bde8fef4c144b13
50,0x496f08ba68274,1291859786105460,10,91,0x7161ecf24af0319359d49e7,0x7161ecf24b39a09c143cc5b
50,0x49be6d55d843a,1297315631301690,10,90,0x38390e85e777cb895489fa3,0x38390e85e7c189f6aa623dd
50,0x49c7f410a9586,1297970272834950,10,86,0x22bd5de7ed1f8c1c1776c3,0x22bd5de7f1bc0b5d220c49
50,0x49e18ddd2a7b0,1299729544816560,10,89,0x1888fc044ab805a09997119,0x1888fc044b01e72e76c18c9
50,0x49f48f9ce9024,1301035684368420,10,90,0x37f69dc21057bac272f6abd,0x37f69dc210a1af520fdfae1
50,0x49fd3f1c2982c,1301632549820460,10,89,0x1525dc7c1fd179a80d930f3,0x1525dc7c201b76e729bc91f
50,0x49ffbdd2f97e8,1301804003334120,10,87,0x47627b289aba5402a8398d,0x47627b289f5a4fdfd7d175
50,0x4a8594a57ef0e,1311001359675150,10,90,0x20ef6c73ea08d1857ab025b,0x20ef6c73ea53571a202f169
50,0x4a9498d7cc1c4,1312033278312900,10,90,0x250c1974ac1fa2de84e062d,0x250c1974ac6a37775cac7f1
50,0x4afa359bfb5ac,1319016027108780,10,88,0xb89fff812f25f767e019d1,0xb89fff8133d59ac19fcf7d
50,0x4bab61333742a,1331191075796010,12,76,0xf41f2194d151c0c5211,0xf41f21e07cb2f3fc63b
50,0x4bec7b46a5b0a,1335664841480970,11,90,0x360acfb5fefceec86571153,0x360acfb5ff48db43ac16c5d
50,0x4d06b7c4e97e4,1355059972446180,10,89,0x1c1bd84d5647c16f3fcf375,0x1c1bd84d5694c82704b8b59
50,0x4d46ce29d7f06,1359464030371590,10,88,0xc8278b83a945e38fd773bb,0xc8278b83ae1a507274f2c1
50,0x4db580fbb4008,1367071174377480,10,88,0xbb16da9fcb576c25340ebb,0xbb16da9fd032c434ef4ec3
50,0x4e29653d6367c,1375035186361980,10,88,0x8765a0744b0065d0121df1,0x8765a0744fe2fc23e8546d
50,0x4e502e0e0ee72,1377700432375410,10,88,0xac4f881cbc020cdeb593c5,0xac4f881cc0e70fbf968237
50,0x4e76fef92331c,1380367853564700,10,89,0x1b78b8889689c39524fc46d,0x1b78b88896d83a941e1f789
50,0x4e9002901cbd0,1382086804098000,10,88,0x93b22fcf65fb97bc2cc5b7,0x93b22fcf6ae497e52e9187
50,0x4ec07d5ce24e4,1385418302825700,10,91,0x684f5b0a29acf3678beada5,0x684f5b0a29fbb3e4e8cd289
50,0x4ecb0eaf09a60,1386144506878560,10,91,0x574fc4696750885b069360d,0x574fc469679f5369b59d06d
50,0x4f428202cebe2,1394353082526690,10,90,0x2cec54e13d32bf67913cde3,0x2cec54e13d8201e9940b9c5
50,0x4f79ea86cf2a8,1398160709448360,10,90,0x395a892d06148fea3bdbced,0x395a892d066409d4c2aaf95
50,0x4f8cafa7bd30c,1399450576343820,10,88,0xf2a50b97889a3f4ed889fb,0xf2a50b978d930a49545d07
50,0x4ff7a2d24ee32,1406800115330610,10,90,0x2d89d9bc32bdb088b737909,0x2d89d9bc330da82b898673b
50,0x506ebd2c4ecc0,1414984806755520,10,91,0x6699ad356ae97914a41a0f3,0x6699ad356b39e7d1d068db3
50,0x51498e9fc9f22,1430021876784930,10,90,0x3866953b3836afc37b0aedd,0x3866953b3887f9521ad4dff
50,0x5163793558332,1431802834420530,10,88,0xb89f5d6dd18c6937db2581,0xb89f5d6dd6a2a0cb30a8b3
50,0x5173be0ed224e,1432920827699790,10,88,0xaec6321548898278a4b11f,0xaec632154da0be5991d36d
50,0x517917538ef96,1433288387915670,10,89,0x125323d6a9e4346f5178fa3,0x125323d6aa35ad86a507f39
50,0x51fbfdfb5c200,1442283835998720,10,90,0x3fc0a34e898d01f4676faf1,0x3fc0a34e89defdf262cbcf1
50,0x523d48c2b3b10,1446770675235600,10,90,0x2da575044a200623751f5fd,0x2da575044a72436c37d310d
50,0x5271b94597708,1450374290044680,10,89,0x1415b18dc3c7b0629d8bc3b,0x1415b18dc41a221be323343
50,0x52976407b5892,1452962748258450,10,89,0x1f5fa12fb8106e7ddd5191d,0x1f5fa12fb86305e1e5071af
50,0x52aa4d7f745f8,1454262369863160,10,90,0x2d5579f4f7713f910775255,0x2d5579f4f7c3e9de86e984d
50,0x52c76ca8f738a,1456263599715210,10,91,0x4f6fcd48f0e4416b7e088af,0x4f6fcd48f13708d826ffc39
50,0x52c968951aab2,1456399944100530,10,90,0x2a3ae33121dfcc673f1d9db,0x2a3ae331223295cfd43848d
50,0x5349776c87976,1465200021109110,10,89,0x19668b4388c9ec4288eb957,0x19668b43891d35b9f5732cd
50,0x538e40255edb6,1469926826438070,10,88,0x87641557d5657152078fa7,0x87641557da9e55545d7d5d
50,0x53ba0e6177f38,1472937124659000,10,89,0x13a519300ed1307e5f2b647,0x13a519300f24ea8cc0a357f
50,0x53d5db2c6a38e,1474847524168590,10,69,0x1004c982cde458b943,0x1004cec02b971f5cd1
50,0x53dadfb5decd8,1475192339426520,11,90,0x2657685aba1eb576f4f4165,0x2657685aba729056aad2e3d
50,0x53ffccc8e2340,1477729879728960,10,91,0x6d412b600f749f23c3c6ff3,0x6d412b600fc89ef08ca9333
50,0x540128e1a826e,1477823321244270,10,88,0xb8e92247f29ea82b572877,0xb8e92247f7debab971aae5
50,0x546b13c4e93e4,1485101918491620,10,90,0x3d17c7fbbd566e654b2e58f,0x3d17c7fbbdaad9791017973
50,0x54ba19149f9a2,1490532182915490,10,91,0x64a43f91f3349ceaaaa74d3,0x64a43f91f3895703bf46e75
50,0x55d50b0ef109c,1509976030777500,10,89,0x1f8406eb1fa2718f2754c01,0x1f8406eb1ff8469a3645c9d
50,0x5632cff889070,1516419800404080,10,90,0x2c4ed2c629203ca985fd4bb,0x2c4ed2c629766f797e8652b
50,0x5677a1020b380,1521148837802880,10,87,0x4ec62b37753adfe06c3827,0x4ec62b377aa259f08ceba7
50,0x572cf54187054,1533609678237780,10,90,0x3a2c1cbcdbf093a967e37db,0x3a2c1cbcdc47c09ea96a82f
50,0x5753ac1da17e2,1536270104401890,10,90,0x2cec597c1d4a78a64807eef,0x2cec597c1da1cc5265a96d1
50,0x577cdee8d0714,1539101237774100,10,91,0x7b44c07a2ccb724f0675bc3,0x7b44c07a2d22ef2def462d7
50,0x577d7866a5fa6,1539142440345510,10,90,0x32a7bcdbcc01019dbe27805,0x32a7bcdbcc587f1624cd7ab
50,0x579688617b232,1540864716812850,10,89,0x1bebfec2ced76c040c1df5f,0x1bebfec2cf2f028c6d99191
50,0x57d6d7282359a,1545283909596570,10,88,0xb89f6699afe9b52227c101,0xb89f6699b5672294a9f69b
50,0x57dfa321e7e4a,1545888419708490,10,89,0x1c67c9e30bcdaa79cd00a35,0x1c67c9e30c258a1ceee887f
50,0x58c1ff0487b22,1561443686710050,10,89,0x140ff60f539c751fc5f748f,0x140ff60f53f5371eca7efb1
50,0x58c5039227a2a,1561651067386410,10,90,0x3275502c85ba074e28e58e3,0x3275502c8612cc51bb0d30d
50,0x591fa56112cf8,1567879255371000,10,89,0x1de9471175adfe04952a0f5,0x1de9471176071da9f63cded
50,0x59c91cbcd8ce2,1579524886990050,10,89,0x12c760086da57046b78f759,0x12c760086dff3963746843b
50,0x59cfd347f7348,1579986204980040,10,89,0x101e0dae5cebe902ca57f91,0x101e0dae5d45b8d6124f2d9
50,0x59d2baf984b9e,1580185838701470,10,89,0x1e65e762bb618b90456711d,0x1e65e762bbbb5e4b3eebcbb
50,0x5a261cb40455a,1585915789067610,10,91,0x58c3752de0a84f3609f80a7,0x58c3752de1027552bdfc601
50,0x5a7ef03b61e22,1592019884842530,10,90,0x2a763c4ee161aa90f4ebc1d,0x2a763c4ee1bc2981304da3f
50,0x5af32ce9e7f2c,1600007633272620,10,88,0xe3ce756f1b2505d41e4283,0xe3ce756f20d438a2bcc1af
50,0x5afd15aa6c012,1600688587456530,10,88,0xaa02e6ade7b2d3addcee7b,0xaa02e6aded62a50883ae8d
50,0x5b364ddd2f80c,1604620683245580,10,90,0x230363998633411ed0b14a5,0x23036399868e776cade0cb1
50,0x5b8d316b030fe,1610591641809150,10,88,0x89da64a1c2397e193ecdc7,0x89da64a1c7f2512feefec5
50,0x5c0c48dbf7738,1619325307811640,10,88,0x8762e2ddd0a0e4bd20f971,0x8762e2ddd661a94ae070a9
50,0x5c1f0c1594fce,1620614663720910,10,89,0x1f61b75395f761c42d505d3,0x1f61b753965380d042e55a1
50,0x5c60ff8efa19a,1625146786816410,10,90,0x2bb13f1721250632ba7be9f,0x2bb13f17218167324976039
50,0x5c63f773b74fa,1625350769177850,10,88,0x89d9b0b490f22cd3887389,0x89d9b0b496b86c4ac3e883
50,0x5cb12b02498fa,1630656008591610,10,90,0x34b7eabe7dda4bd7f18c303,0x34b7eabe7e36fd02f3d5bfd
50,0x5cc048331b646,1631694636561990,10,90,0x2eb4ad480f9663662f3bf97,0x2eb4ad480ff323ae62575dd
50,0x5d5ed63b64f28,1642590440410920,10,89,0x13551f9bd60c89d02b8588b,0x13551f9bd669e8a666ea7b3
50,0x5d823283858be,1645020393789630,10,90,0x253d565e9963b5f0623ad31,0x253d565e99c13822e5c05ef
50,0x5d872c12d0c1e,1645362262379550,10,90,0x25567fc79fd1cd92e85e983,0x25567fc7a02f54befb2f5a1
50,0x5de6d30747846,1651935429294150,10,88,0xa9d9c9b563c7c754ac10f7,0xa9d9c9b569a6348520893d
50,0x5e3b02ebd11f0,1657720721445360,10,88,0xf0824c85bd30c0b65e009b,0xf0824c85c31470e51b128b
50,0x5e4b860e2aef2,1658855434137330,10,90,0x25cd6b76f5f6fc1fc8d7d37,0x25cd6b76f65547a5d702c29
50,0x5e55538f255a8,1659529073939880,10,89,0x1502f89e4b6f47e6485b1b3,0x1502f89e4bcd9d39d78075b
50,0x5ed9562dd5adc,1668600748137180,10,87,0x43b2397b50644e3c70af8b,0x43b2397b5651e39f4e0a67
50,0x5ef6b8b7f98ec,1670620064487660,10,88,0x8ec5e4769aaed84640ea61,0x8ec5e476a09e43d1c0834d
50,0x5fb81da134040,1683910011600960,10,89,0x1d3ecd5f19b522a317a5601,0x1d3ecd5f1a14dac0b8d9641
50,0x5fd55bfaeda22,1685919613508130,10,88,0x913cd6b94610e25c05bb1d,0x913cd6b94c0e381bb4953f
50,0x603249625feea,1692305533042410,10,90,0x209d8c3b1b9c703b115220b,0x209d8c3b1bfca28473b20f5
50,0x60aebc227b5a0,1700857551238560,10,89,0x101767663bcf05867ea08b5,0x101767663c2fb442a11be55
50,0x60af2183eb3f2,1700884765389810,10,91,0x650d69d090b3e1ef9b85093,0x650d69d0911491111f70485
50,0x60c410441bd22,1702323244088610,10,91,0x770fcb29023229c9a737299,0x770fcb290292edd9eb52fbb
50,0x60cbda02669d2,1702858435488210,10,90,0x21d8a8742583c79d3c04b9d,0x21d8a87425e493773e6b56f
50,0x611230dc66898,1707692112898200,10,88,0xf9a41adee580662ae41021,0xf9a41adeeb918938aa78b9
50,0x61f31b2f9fcb4,1723148176850100,10,90,0x3030d0319e26b9b5e2af3ff,0x3030d0319e88acd1124f0b3
50,0x61f3874c806c8,1723177198159560,10,88,0x818dd67110768a670f0287,0x818dd6711695c2dbd7094f
50,0x61fa4f91e2ec2,1723643274866370,10,90,0x37af51a914f056fbff2f04b,0x37af51a91552514b9111f0d
50,0x629712df54b5a,1734415939357530,10,88,0xb4cd05024a4696cf1d025f,0xb4cd0502507007fd124db9
50,0x62bed4cdab306,1737148056908550,10,91,0x670e373f3865c3eeb76d27d,0x670e373f38c882c38518583
50,0x62d247cb23cc4,1738484594392260,10,91,0x4251f636e9e1a84d76b44c5,0x4251f636ea447a9541d8189
50,0x62db9954ca28e,1739124957291150,10,90,0x3ff04a5cbad8727c13518b1,0x3ff04a5cbb3b4e15681bb3f
50,0x62fba8e6c740a,1741328160158730,10,90,0x3361700e2fb787f622b3263,0x3361700e301a839f097a66d
50,0x63b517659ba88,1754070924245640,10,90,0x281ebeb9e4bc5ad9c5bf2b5,0x281ebeb9e5200ff12b5ad3d
50,0x63c5ddce31f62,1755223695761250,10,91,0x61fd266c9d86a8fafaa1567,0x61fd266c9dea6ed8c8d34c9
50,0x63e6a14aa05d8,1757475194406360,10,90,0x2589e17b0170d0f24f232c1,0x2589e17b01d4b79399c3899
50,0x6419e0ac91bee,1760996901854190,10,90,0x2f3783acb3579cb52b08659,0x2f3783acb3bbb695d79a247
50,0x6458032fd60ee,1765266773860590,10,90,0x338db98208843e676f189f3,0x338db98208e8966a9eeeae1
50,0x64585bca3a100,1765290558071040,10,89,0x16628a867e894577f26b72d,0x16628a867eed9dd3bca582d
50,0x64835d50b597e,1768245905021310,10,90,0x26c4fe19a4f9d45746b0c01,0x26c4fe19a55e57b4976657f
50,0x64b08b0f9f236,1771350561255990,10,90,0x27ceaded4cacf273f86ffc3,0x27ceaded4d11a2ff080f1f9
50,0x64eb87bbe86aa,1775404117296810,10,88,0x8765f4052c7ac20462a755,0x8765f40532c97a80212dff
50,0x65326fcfd288a,1780276778576010,10,90,0x3c1b750ff241041043cb4c7,0x3c1b750ff2a63680139dd51
50,0x65670ce1165a2,1783892353836450,10,88,0x8f1af53e58b365a5eab6b3,0x8f1af53e5f09d673fc1c55
50,0x658da650fffca,1786544881926090,10,89,0x171742ca6a55b9f6e73e40b,0x171742ca6abb479d383e3d5
50,0x65adb40a4058e,1788747589092750,10,90,0x3e510df24dd27a883c24181,0x3e510df24e38283c466470f
50,0x661c82fd3b904,1796362284022020,10,89,0x1bd39beab946e4ba26ae80d,0x1bd39beab9ad013d23ea111
50,0x6668c6e3b496e,1801603191097710,10,90,0x303edb109772a3418693f5f,0x303edb1097d90c086a488cd
50,0x6669d8aa4e70c,1801676682225420,10,88,0x8c50436b43bb6813ee723d,0x8c50436b4a22059e935949
50,0x66a08a53d478a,1805435224803210,10,90,0x26d987f5e03f79b5a9ba7b7,0x26d987f5e0a61a3ffd8ef41
50,0x672d9c14a2d74,1815129436597620,10,90,0x2589ebd0ede5992d63b9063,0x2589ebd0ee4cc6c9785bdd7
50,0x6765c824a1464,1818989555225700,10,90,0x2980423bbfc0299e9cac39d,0x2980423bc0278f66c14d801
50,0x67c4ab59375ce,1825510176028110,10,90,0x2fe0435d07ffd1f359461d1,0x2fe0435d0867969eb27d79f
50,0x6837634b15f9c,1833393573683100,10,90,0x2589e4e3a1071b1f507aaed,0x2589e4e3a16f52829b90a89
50,0x683950a67ae86,1833526008196742,12,65,0x168f8f0e4e15fc259,0x168ff7479ebc770df
50,0x685aced6aaf74,1835827624324980,10,91,0x7f928eeddddef278b686d49,0x7f928eedde474d478d31cbd
50,0x687515d8e57ec,1837633391974380,10,89,0x1847b85048161f9db5f7a2d,0x1847b850487e94b38edd219
50,0x68fbce23a0edc,1846891272343260,10,90,0x20c7d508126eba9ad17cbaf,0x20c7d50812d7b668f51da8b
50,0x69604f9ba12f2,1853797974020850,10,91,0x6415facfbb9e511ff6bd167,0x6415facfbc07b16f925e459
50,0x6960c8bf0fecc,1853830491864780,10,90,0x30e131f5cb6611625630909,0x30e131f5cbcf722b15407d5
50,0x69e5dd023a0b4,1862975621406900,10,91,0x4633941c282900db0d95d07,0x4633941c2892e6b80fcfdbb
50,0x6a105a24d7f3e,1865895430160190,10,88,0x9627b72437bf339da0039f,0x9627b7243e60393fed82dd
50,0x6a80c0b756460,1873619545580640,10,90,0x2f6286456c7583fefa6b51d,0x2f6286456ce004bfb1c197d
50,0x6ab51886b8c40,1877216529714240,10,91,0x627d31d5dfa6904bd89ff79,0x627d31d5e01145645f58bb9
50,0x6ae0fa3d4ccba,1880232056638650,10,88,0x8ec680683885b854d9ded3,0x8ec680683f33c7f8aeab8d
50,0x6aee39e69c1ac,1881142498804140,10,89,0x1104a79ee027abdce55660d,0x1104a79ee0929a16cbf27b9
50,0x6b578b9122ac6,1888379965942470,10,90,0x280010e0351d8474c26909b,0x280010e03588dc00538bb61
50,0x6bf4a7a008b08,1899176455605000,10,90,0x2652317bfd78e7d62f918db,0x2652317bfde4dc7dcf9a3e3
50,0x6c11987f30a6c,1901165259459180,10,89,0x1362779478879e644efb3e1,0x1362779478f3affcce2be4d
50,0x6c64089daec38,1906830353296440,10,90,0x247887a76b939a182a37179,0x247887a76bfffe20c7e5db1
50,0x6c9043d7b2b48,1909869908798280,10,91,0x75e5c13dd9c6177fb01a1dd,0x75e5c13dda32a7c387ccd25
50,0x6cb1b10a0c074,1912166963789940,11,89,0x10ad1dd4c17d27d2dacc3c5,0x10ad1dd4c1e9d983e4d8439
50,0x6d3d3d46c6452,1921756615697490,10,91,0x574cb0d9e38aade09d5c061,0x574cb0d9e3f7eb1de4224b3
50,0x6d4b47d9341f0,1922721526268400,10,88,0xa9d9c064a2be4636f9a173,0xa9d9c064a992fab48ce363
50,0x6d6a40349262a,1924849778370090,10,90,0x2f8a777395ee2c7879a5c51,0x2f8a7773965b96b8ae3827b
50,0x6dc068d51e5ca,1930770559133130,10,90,0x32cef4ec9d04c4ed3cad49d,0x32cef4ec9d72855611cba67
50,0x6df8ebafbdfb8,1934653975683000,10,88,0xa0013ec4d0fa5b67cc563f,0xa0013ec4d7d9ea22c835f7
50,0x6e2232c022d02,1937490550336770,10,88,0x89e974f25a61b50fd0c05d,0x89e974f26143d83bd2ed5f
50,0x6f0d4f8b4784a,1953647356573770,10,90,0x2763509fb4fc37ea7d0c8d3,0x2763509fb56b453a085411d
50,0x6f1b1df72603a,1954596120584250,10,91,0x483ec71cc9c3919483eea55,0x483ec71cca32acb27b14a8f
50,0x6f2ea30269b0c,1955937504369420,10,69,0x1002393b2c3a27c68d,0x1002402e166a4e6199
50,0x6fd1a7b2fbe1e,1967140037967390,10,88,0xb1509fa73f25a2d094b449,0xb1509fa74622bd4bc47267
50,0x70495e8666118,1975366732636440,10,88,0xa765c63dd7b17e8f31f499,0xa765c63ddeb614779855b1
50,0x7071145b6dfc8,1978095602425800,10,69,0x101be1bafab8ad5d4b,0x101be8c20bfe643d13
50,0x70c2bc22a9620,1983706917672480,10,90,0x292372a089dec5b00377523,0x292372a08a4f886c2620b43
50,0x70eb44ef7ab44,1986492418730820,10,89,0x149d8cb07caf93ff0444f53,0x149d8cb07d207f43f3bfa97
50,0x7112cf4aa1750,1989209617995600,10,88,0x913df55d89aa2e8f8f95c5,0x913df55d90bb5b8439ad15
50,0x71cda70fb14cc,2002049360925900,10,91,0x51d30c4e693f9774cdce03d,0x51d30c4e69b1651bdd7f509
50,0x72ba25068b526,2018300970710310,10,90,0x370d4d30bce80e38a2172ef,0x370d4d30bd5ac85da8a2815
50,0x738377d6b4d80,2032135815515520,10,90,0x23f799cc356429da8d38fa1,0x23f799cc35d7ad5263edd21
50,0x7450c9bb64222,2046245291311650,10,90,0x209d94fb8b32e8e0ddbe07d,0x209d94fb8ba739aa992229f
50,0x74b5f77e482d8,2053198242415320,10,91,0x7584ca9602584383e92fb31,0x7584ca9602ccf97b6777e09
50,0x74e7050f3c3e6,2056569138430950,10,91,0x5a206ff9cde90e3600ec677,0x5a206ff9ce5df53b1028a5d
50,0x7501ed0ff3188,2058418122600840,10,89,0x1f1d765a2de7f3537ad3227,0x1f1d765a2e5cf5408ac63af
50,0x7530bfd881a18,2061635800275480,10,90,0x2b01a11580fa7168078012f,0x2b01a115816fa227e001b47
50,0x75f988ce22968,2075433640274280,10,90,0x21d8a1a53c18f8f0a892d19,0x21d8a1a53c8ef27976b5681
50,0x7680d1eca3be6,2084730397408230,10,91,0x68dbf53aba65213812c9035,0x68dbf53abadba209ff6cc1b
50,0x76f19bf1f2e18,2092481208331800,10,89,0x1c42f75d15cbf077e81083d,0x1c42f75d1642e213da03655
50,0x771e09530dfe2,2095534226595810,10,88,0xf29de72670202e8a757397,0xf29de72677920f1fa65379
50,0x7739834153b68,2097422383004520,10,88,0xa2782d4a0f36ae1083fdb9,0xa2782d4a16aa4644993921
50,0x77df4fec68cca,2108816036891850,10,90,0x2d63d0a6e886393c3f58c7d,0x2d63d0a6e8fe188c2bc1947
50,0x7867163cdf642,2118146400843330,10,90,0x2690e81ce98269a06fc16ef,0x2690e81ce9fad0b6aca0d31
50,0x79632e073d290,2135470095192720,10,90,0x21d8af78878a4ff3d893903,0x21d8af788803b321dfd0b93
50,0x7a2135caf078a,2148528880027530,10,89,0x1c523ee3c5f0dbeb33a77b3,0x1c523ee3c66afd20fe97f3d
50,0x7a562c1fbe7b4,2152168416864180,10,90,0x236dddd5ed94546dd922ed5,0x236dddd5ee0eaa99f8e1689
50,0x7ac7014a33a26,2159922219530790,10,91,0x5d0463c769d7177e18bf96f,0x5d0463c76a51de7f62f3395
50,0x7ac94013c113c,2160076512825660,10,88,0xa9d9c392010598eaab819b,0xa9d9c39208b22cebe792d7
50,0x7b32742a0e5be,2167306039911870,13,72,0x83e20e6fed56062713,0x83e216231498a70cd1
50,0x7b4cdcf711520,2169120878564640,10,90,0x2313bfdfbd78e7fb31e1dc1,0x2313bfdfbdf434d828f32e1
50,0x7b5abf3f20ede,2170074973736670,10,91,0x5dce7ee41523f9937667b1b,0x5dce7ee4159f5452b5889f9
50,0x7b740dced2a2a,2171814049294890,10,69,0x100a0305d6a0be12df,0x100a0abd177dab3d09
50,0x7c7ed0d7be1ba,2190145784373690,10,90,0x29d89dcef4becade77d73b3,0x29d89dcef53b49af4f9556d
50,0x7c8fac1755152,2191304150045010,10,89,0x1be436d1e7052b713d6437d,0x1be436d1e781bb1d54b94cf
50,0x7c9660517f070,2191764846276720,10,90,0x26c4f9bad2dc38709ca6393,0x26c4f9bad358ced0ee25403
50,0x7cd90e1d21e40,2196346984603200,10,90,0x23ad67662a4b015bb69852b,0x23ad67662ac7da69d3ba36b
50,0x7cf78b1c3f5ae,2198442122409390,10,89,0x1a7c48ab649a7343c42d405,0x1a7c48ab65176acee06c9b3
50,0x7d17d0a0f6f8a,2200659806875530,10,90,0x28481ca139969f7baf2a5f7,0x28481ca13a13b74c5021581
50,0x7d8b05d652f8c,2208576829730700,10,88,0x8f9cabc0ceb41682a2b141,0x8f9cabc0d68cc6e007e0cd
50,0x7e1756236cc1e,2218219112156190,10,89,0x1fced446cc68af42ee40171,0x1fced446cce6c69911acd8f
50,0x7f6ba24544124,2241604170826020,10,90,0x3a50bb1e39991df0a6cb3e9,0x3a50bb1e3a188992ec0f50d
50,0x7fa010ad39cbe,2245207220526270,10,89,0x142291c3a4e802956ada333,0x142291c3a567a2a61813ff1
50,0x7fe88ec481bc6,2250188870130630,10,91,0x629034cedd1f844e9cd6b15,0x629034cedd9f6cdd61586db
51,0x80362f695380a,2255523392337930,10,90,0x2a1c6bc38e1a4cb756329a5,0x2a1c6bc38e9a82e6bf861af
51,0x808a9f02c437c,2261325785613180,10,90,0x2e0cc3f88e23fb9ba135957,0x2e0cc3f88ea4863aa3f9cd3
51,0x80f15bf9c2dfe,2268385897098750,10,90,0x2f627e4cc5d5f28aae1f3c7,0x2f627e4cc656e3e6a7e21c5
51,0x81195de1fd1ae,2271135188111790,10,90,0x20370a3e5ebd993a56a7521,0x20370a3e5f3eb29838a46cf
51,0x812a63c70c3ce,2272305001579470,10,90,0x2db18002c87262d1646b757,0x2db18002c8f38d352b77b25
51,0x818861a12a1d6,2278764055798230,10,88,0x8597c9fa40350184b67343,0x8597c9fa484d879ec91519
51,0x81b667ad937ea,2281926775355370,10,91,0x6f47a8012346af8d8446573,0x6f47a80123c865f531d9d5d
51,0x81b934174616e,2282119085973870,10,91,0x545a236594cc81e9692d3bb,0x545a2365954e3b1d8073529
51,0x8278e175d474c,2295291044513612,12,69,0x1debc436488734c9ff,0x1debcc5dd69e92114b
51,0x828a173ca3c4a,2296473711164490,10,88,0x8ec72baf5d85b2a23bd11f,0x8ec72baf65ae5416060d69
51,0x82eac6da214f8,2303117922276600,10,90,0x2747192de8a814829da48d7,0x2747192de92aff4977c5dcf
51,0x840f19a324eca,2323206231969482,12,70,0x3514459f508ecac813,0x35144de04228fd16dd
51,0x8422c3d5d2470,2324557589193840,10,88,0xb13bd72a11a6fd6ebd2509,0xb13bd72a19e929ac1a4979
51,0x84b88d0aaa63e,2334850802165310,10,86,0x21f8b77c23639110b9afb5,0x21f8b77c2baf19e16455f3
51,0x850bdf114e594,2340576537404820,10,89,0x1f5c4376099c8d6a8a943af,0x1f5c43760a2199499be2943
51,0x85f574aeeec2a,2356628337650730,10,88,0xb3b3f91b47a78740666947,0xb3b3f91b5006de8b555571
51,0x866e6d1b32848,2364941360375880,10,90,0x2b68933ca282ac7f470ba39,0x2b68933ca3091aec623e281
51,0x8689f387fd850,2366832870676560,10,90,0x3a56b6d45a5035a016578bf,0x3a56b6d45ad6bf939e5510f
51,0x86a22c2c986ee,2368497343104750,10,90,0x244eca62ba93b552d2da493,0x244eca62bb1a577eff72b81
51,0x86f4ec4f3d362,2374183916131170,10,88,0x913d7dd444923f8deffdf1,0x913d7dd44d018e52e3d153
51,0x8747d9dad895e,2379882678815070,10,87,0x489edf393129e96d091bfb,0x489edf39399e670ab6a559
51,0x8769c7cf5cb2e,2382214297144110,10,89,0x1a201c0cd5b20e8c464aa39,0x1a201c0cd639785415a7567
51,0x8797b1add3710,2385369452328720,10,90,0x3db7854300616f2b4dfb2f9,0x3db7854300e906dcfbcea09
51,0x87c35cf5a72d6,2388370367607510,10,90,0x2aec201b0fc5c6f1f995c29,0x2aec201b104d8a4eef3ceff
51,0x8856445f78abe,2398465530759870,10,88,0xbb16621e651ddd6448cc87,0xbb16621e6da341aa405745
51,0x88ac00b4e3938,2404357241715000,10,90,0x29cc11e85f8d5e9fa6c0d19,0x29cc11e860160aa05ba4651
51,0x88bfa9c1a7662,2405708290750050,10,90,0x2d36d338f932d90656f64b9,0x2d36d338f9bb98b0189db1b
51,0x89662fbda3160,2417151690027360,12,77,0x1602b4be32be6ea31489,0x1602b4c6c9216a7d45e9
51,0x89ead90ee3998,2426268111747480,10,88,0xd2de31092e4788da2bbcf7,0xd2de310936e6366b19f68f
51,0x8a6464f49c6d8,2434620721841880,10,88,0x989fb19a587a6b557ebdd7,0x989fb19a6120b1a4c884af
51,0x8b0717da53ffa,2445801299460090,10,89,0x125134028b4775f5ee91e11,0x125134028bd27d0dc8e5e0b
51,0x8b1d36c09df4a,2447321422487370,10,91,0x774bb745247c64b6caefc35,0x774bb745250781ed8b8db7f
51,0x8b4370ee49a06,2449948379748870,10,90,0x34daa4bb13ed8730041d907,0x34daa4bb1478caa0f26730d
51,0x8b44057833dae,2449988252810670,10,87,0x4255f013a2b7e59f93ecd5,0x4255f013ab6c25f7172a83
51,0x8bf7c25251ade,2462339733723870,10,90,0x289d9c927837df49bed92c3,0x289d9c9278c3d70c112ada1
51,0x8c094b4d69c7a,2463544735341690,12,66,0x2393d058f8cd3e5ab,0x23945c62441aa8225
51,0x8c15baed10b22,2464399332805410,10,89,0x1fcbd415aecbe61768a4a4f,0x1fcbd415af57fbd255b5571
51,0x8cd8aaa649474,2477795261584500,10,90,0x2d89dc253325a908aa95a1f,0x2d89dc2533b281b350dee93
51,0x8d082e45a4d72,2481060409134450,10,90,0x320b3bebbd9a0cfc367870b,0x320b3bebbe27152a7c1d47d
